ticker,name,sector,market_cap,trailing_pe,forward_pe,price_to_book,dividend_yield,current_ratio,debt_to_equity,return_on_equity,return_on_assets,profit_margins,revenue_growth,earnings_growth,free_cashflow,enterprise_value,ebitda,ebit,total_revenue,total_debt,total_cash,book_value,total_assets,total_current_assets,total_liabilities,total_current_liabilities,net_income,operating_cashflow,gross_margin,ncav,shares_outstanding,return_on_assets_prev,gross_margin_prev,current_ratio_bs,current_ratio_bs_prev,leverage,leverage_prev,asset_turnover,asset_turnover_prev,shares_outstanding_prev,interest_expense,last_price,errors,data_sources,fcf_yield,ev_ebitda,ev_ebit,earnings_yield_ebit,earnings_yield_pe,ncav_to_market,roic_proxy,data_quality_score,metrics_present,metrics_total,sector_composite_score,models_passed,model_count,mean_model_score,weighted_model_score,weighted_pass_score,min_model_score,max_model_score,pass_rate,weight_sum,families_passed,family_count,passed_families,family_mean_score,risk_family_passed,risk_mean_score,composite_score,signal,signal_rank,weeks_at_signal,signal_trend,conviction_score,stability_label
WIT,Wipro Limited,Technology,18498476032.0,14.384616,12.531832,2.0896742,4.63,1.672,27.398,0.16128999,0.09298776406329487,0.13919,0.106,0.009,108508127232.0,-161371619328.0,174871003136.0,149126000000.0,926240000000.0,212821999616.0,394750001152.0,0.89487636,1419262000000.0,826354000000.0,,403232000000.0,131974000000.0,149316000000.0,0.29155294524097425,,10476506978.0,0.10210023940552809,0.30652924510935203,2.0493264423458455,2.7170894278837254,0.14296866963252733,0.14926701489288935,0.6526208691559416,0.6924758262599882,10460230569.0,7909000000.0,1.87,[],{},5.865787378608638,-0.9228037606812302,-1.0821159243056206,-0.9241154090230088,0.0695187136034775,,0.1467732252000433,1.0,20,20,0.8250000000000001,12.0,22.0,0.6884181818181818,0.6884181818181818,0.5454545454545454,0.0,1.0,0.5454545454545454,22.0,5,5,"cheapness,quality,dividend,garp,risk",0.7357566666666666,True,1.0,0.8583,strong_buy,4,9,stable,0.8417,persistent
TME,Tencent Music Entertainment Group,Communication Services,14506246144.0,10.547619,8.367653,1.2424593,2.71,2.086,6.278,0.1195,0.1078402684301906,0.26482,0.073,-0.518,4602375168.0,-5460662784.0,11173999616.0,9737000000.0,32902000000.0,4841999872.0,26742999040.0,7.131018,102522000000.0,32458000000.0,,14589000000.0,11056000000.0,10231000000.0,0.4417664579660811,,3099258824.0,0.0734598204413781,0.42340058448646173,2.224826924395092,2.087250755287009,0.037192017323111136,0.06690327716598116,0.320926240221611,0.3140175135995754,3081835248.0,122000000.0,8.86,[],{},0.31726851470141443,-0.48869366132614694,-0.5608157321556948,-1.7831168825384842,0.09480812683886289,,0.11073203461726541,1.0,20,20,0.7187865497076024,13.0,22.0,0.6996045454545454,0.6996045454545454,0.5909090909090909,0.0,1.0,0.5909090909090909,22.0,5,5,"cheapness,quality,dividend,garp,risk",0.7015016666666667,True,0.83335,0.7255,strong_buy,4,9,stable,0.7221,persistent
PDD,PDD Holdings Inc.,Consumer Cyclical,117657960448.0,8.682773,6.7778506,1.8564495,,2.535,1.21,0.254,0.15529469087656747,0.21620001,0.11,-0.149,71642849280.0,-314894352384.0,97156792320.0,93102131000.0,431845713000.0,5121999872.0,436071006208.0,44.525856,630044327000.0,518979892000.0,,213737168000.0,97842539000.0,106938690000.0,0.5628027619206677,,5693585848.0,0.222627469932162,0.6092273532763555,2.4281218697536033,2.20593322615702,0.008537169163337296,0.02100281043080645,0.6854211592639259,0.7798204686748454,5568585848.0,0.0,82.66,[],{},0.6089077951649792,-3.241094573674785,-3.382246453456581,-0.29566148231984163,0.11517057972147839,,0.22363807344470865,0.95,19,20,0.7450980392156862,11.0,22.0,0.6414454545454547,0.6414454545454547,0.5,0.0,1.0,0.5,22.0,3,5,"cheapness,quality,risk",0.564825,True,1.0,0.7214,strong_buy,4,9,stable,0.418,persistent
BIDU,"Baidu, Inc.",Communication Services,35842215936.0,,12.270091,0.9024153,,1.852,32.2,0.00319,0.012443310468277239,0.01023,-0.012,-0.593,7958624768.0,36536766464.0,23586000896.0,10367000000.0,129079000000.0,94136000512.0,116890001408.0,116.73118,449157000000.0,151970000000.0,,86328000000.0,5589000000.0,-3013000000.0,0.43882428590243183,,2722014080.0,0.0555425686100332,0.5034591549295775,1.7603790195533315,2.085765814732005,0.21613155310949178,0.1854317639908364,0.2873805818455462,0.3111996820795736,2763574692.0,2784000000.0,105.34,[],{},0.22204611406311908,1.549086961588149,3.5243336031638854,0.2837415842536229,,,0.02857268851166803,0.9,18,20,0.6041666666666665,6.0,22.0,0.42171818181818177,0.42171818181818177,0.2727272727272727,0.0,1.0,0.2727272727272727,22.0,2,5,"cheapness,risk",0.347595,True,0.83335,0.6667,buy,3,9,stable,0.2288,persistent
UMC,United Microelectronics Corporation,Technology,48880902144.0,31.934425,24.066319,3.8956358,2.12,2.719,18.694,0.12515001,0.07114772155874638,0.20816,0.055,1.081,34353795072.0,-9184686080.0,104007925760.0,43658935000.0,237553199000.0,76035743744.0,134263775232.0,5.0004673,567274863000.0,204783258000.0,,89527187000.0,40360314000.0,99864187000.0,0.29006765343538904,,12588156344.0,0.08707962046914935,0.325670419576564,2.287386266252284,2.450639458270337,0.10538396093182786,0.12579685891375397,0.4187620754843847,0.41470092536634773,12560716404.0,1529063000.0,19.48,[],{},0.7028060769172371,-0.0883075593795978,-0.21037357141212903,-4.753448797239677,0.03131416958345109,,0.09138492386931046,1.0,20,20,0.5666666666666668,8.0,22.0,0.5858409090909091,0.5858409090909091,0.36363636363636365,0.0,1.0,0.36363636363636365,22.0,5,5,"cheapness,quality,dividend,garp,risk",0.6880816666666666,True,1.0,0.6167,buy,3,9,stable,0.5917,persistent
INFY,Infosys Limited,Technology,44996870144.0,13.716049,13.047103,9.189412,4.71,1.862,9.541,0.32,0.20144716040374558,0.16370001,0.029,0.053,3165625088.0,87837130752.0,4481999872.0,4089000000.0,20158000000.0,923000000.0,3124000000.0,1.209,16446000000.0,10912000000.0,,5516000000.0,3313000000.0,4039000000.0,0.30156761583490427,,4046940812.0,0.18129628566507835,0.3046117134408881,1.9782451051486585,2.2663607342378294,0.05879849203453728,0.05522705092140766,1.2257083789371275,1.1066651357712842,4143607528.0,47000000.0,11.11,[],{},0.07035211733325662,19.59775396263108,21.481323245781365,0.046552067047191156,0.07290729276338981,,0.3741079597438243,1.0,20,20,0.5916666666666666,11.0,22.0,0.6438636363636364,0.6438636363636364,0.5,0.0,1.0,0.5,22.0,5,5,"cheapness,quality,dividend,garp,risk",0.7637983333333334,True,1.0,0.575,buy,3,7,stable,0.5833,persistent
NMR,"Nomura Holdings, Inc.",Financial Services,28674344960.0,13.438356,17.517859,1.2475444,3.3,1.541,984.203,0.1007,0.005780567530928787,0.16705999,0.275,0.041,,398560329728.0,,,1841954000000.0,37940180811776.0,37717341634560.0,7.8634477,62645925000000.0,,,,362129000000.0,-842960000000.0,,,2901337224.0,0.005998644065886919,,,,0.28474413938336773,0.26510469582412083,0.029402614775023275,0.02926602980132625,2956210965.0,2590773000000.0,9.81,[],{},,,,,0.07441386431495042,,,0.8,16,20,0.8690476190476191,5.0,22.0,0.4626818181818182,0.4626818181818182,0.22727272727272727,0.0,1.0,0.22727272727272727,22.0,3,5,"cheapness,dividend,garp",0.4961516666666667,False,0.36665000000000003,0.9487,hold,2,9,stable,0.4363,persistent
TAK,Takeda Pharmaceutical Company Limited,Healthcare,55055990784.0,,32.528305,1.1916162,3.58,1.091,73.7,-0.02118,-0.009824320088584564,-0.03382,0.039,,672782745600.0,4936984690688.0,1236273987584.0,464451000000.0,4505720000000.0,5476358029312.0,595053969408.0,14.467746,15511506000000.0,3090503000000.0,,2832074000000.0,-152390000000.0,1041431000000.0,0.651201583764637,,1579836830.0,0.00757477500543221,0.6550912562143256,1.0912507935880207,1.0058531326886948,0.31472366384024864,0.31689752858297077,0.29047598601966823,0.3215497183391979,1573649646.0,148123000000.0,17.24,[],{},12.21997344920218,3.9934389466012696,10.629721306850454,0.0940758436776266,,,0.03663026861140152,0.95,19,20,0.7004873294346979,2.0,22.0,0.4519727272727273,0.4519727272727273,0.09090909090909091,0.0,1.0,0.09090909090909091,22.0,1,5,cheapness,0.39947666666666665,False,0.65,0.7494,hold,2,9,stable,0.1377,persistent
HMC,"Honda Motor Co., Ltd.",Consumer Cyclical,36538355712.0,,5.677419,0.5066168,4.73,1.281,113.654,-0.028499998,-0.01265144869548843,-0.019450001,0.086,,189562503168.0,8810103046144.0,1000784003072.0,-414346000000.0,21796610000000.0,13806806761472.0,5363801784320.0,55.584423,33509285000000.0,13074752000000.0,,10204480000000.0,-423941000000.0,1135261000000.0,0.16530928433366474,,3892580441.0,0.027158844948218682,0.21504122387409114,1.2812756749976482,1.356651074379724,0.1466894026536227,0.14369167893791587,0.6504647890875619,0.7047329324629588,4346509571.0,83562000000.0,28.16,[],{},5.1880414286334045,8.803201309274094,-21.262671888093525,-0.04703077794094028,,,-0.017779423599553826,0.95,19,20,0.688888888888889,2.0,22.0,0.4010818181818182,0.4010818181818182,0.09090909090909091,0.0,1.0,0.09090909090909091,22.0,1,5,cheapness,0.346565,False,0.45,0.7139,hold,2,9,stable,0.1333,persistent
LI,Li Auto Inc.,Consumer Cyclical,12623691776.0,,11.786893,1.1878386,,1.879,25.122,-0.02495,0.007287546834224632,-0.0166,-0.114,,-15601390592.0,-62545833984.0,1323948800.0,-521117000.0,112312511000.0,17737906176.0,93105160192.0,10.203406,154295818000.0,115285994000.0,,63547653000.0,1124438000.0,-8611397000.0,0.18684523935182965,,2027667098.0,0.049475796838217956,0.20528969324133625,1.8141660400896316,1.8248666751348563,0.11545852137094215,0.10067638942797076,0.7279037919226041,0.8898106954447872,2007706522.0,168078000.0,12.12,[],{},-1.2358817744315622,-47.24188275558692,120.02263212292057,0.008331761954494175,,,-0.0057424522027525295,0.9,18,20,0.5763888888888888,3.0,22.0,0.27885454545454547,0.27885454545454547,0.13636363636363635,0.0,1.0,0.13636363636363635,22.0,2,5,"cheapness,risk",0.22742833333333334,True,0.56665,0.6515,hold,2,9,stable,0.221,persistent
SMFG,"Sumitomo Mitsui Financial Group, Inc.",Financial Services,166330302464.0,17.223684,63.85366,1.7072253,2.26,,,0.068720005,0.0048186279951019624,0.27114,,,,-41859539795968.0,,,5791563000000.0,68240592076800.0,110445922877440.0,15.334825,328511145000000.0,,,,1582973000000.0,-10283139000000.0,,,3816866021.0,,,,,0.09908578596321291,0.10611318460863593,0.017629730644298233,,3873793610.0,4505121000000.0,26.18,[],{},,,,,0.058059588181018654,,,0.7,14,20,0.5238095238095238,1.0,22.0,0.32539545454545454,0.32539545454545454,0.045454545454545456,0.0,1.0,0.045454545454545456,22.0,1,5,dividend,0.3248966666666667,False,0.36665000000000003,0.6026,hold,2,9,stable,0.0788,persistent
XPEV,XPeng Inc.,Consumer Cyclical,11794798592.0,,27.382736,2.6490917,,1.138,83.214,-0.07638,-0.011045278702181206,-0.03056,-0.176,,,4866519552.0,-1189754752.0,-2654097000.0,76719742000.0,23682467840.0,30594603008.0,4.6544256,103162630000.0,63253827000.0,,58113349000.0,-1139460000.0,8258529000.0,0.18864660676257228,,1908699765.0,-0.07001011594005062,0.14304614590958042,1.088456061962631,1.2476160785421093,0.18954225963413301,0.1927118318532834,0.7436776476132879,0.4941147814904353,1898112757.0,379931000.0,12.33,[],{},,-4.090355212970816,-1.8335876767126447,-0.5453788835409573,,,-0.058915413100599764,0.85,17,20,0.40625000000000006,1.0,22.0,0.23874545454545457,0.23874545454545457,0.045454545454545456,0.0,1.0,0.045454545454545456,22.0,1,5,quality,0.18846666666666667,False,0.45,0.5357,hold,2,6,stable,0.0801,persistent
MFG,"Mizuho Financial Group, Inc.",Financial Services,129496711168.0,17.14516,7.6474824,1.8544267,1.73,,,0.11439,0.0041312593517969405,0.2838,0.449,6.798,,-57603203792896.0,,,4316919000000.0,66568880914432.0,124389056053248.0,5.7322297,302240042000000.0,,,,1248632000000.0,-4838533000000.0,,,2438523594.0,0.0031252002591384133,,,,0.08662295977314614,0.07939323706456383,0.014283080995601502,0.01344521942726017,2512846630.0,4474506000000.0,10.63,[],{},,,,,0.05832549827473176,,,0.7,14,20,0.5357142857142858,4.0,22.0,0.4392863636363637,0.4392863636363637,0.18181818181818182,0.0,1.0,0.18181818181818182,22.0,3,5,"cheapness,dividend,garp",0.5478683333333334,False,0.36665000000000003,0.5128,hold,2,9,stable,0.2202,persistent
MUFG,"Mitsubishi UFJ Financial Group, Inc.",Financial Services,258127609856.0,17.607693,22.2233,2.1629303,2.36,,,0.09398,0.005622079301927688,0.25767002,,,,-59128084955136.0,,,7521125000000.0,123410290049024.0,184063658819584.0,10.582865,431731548000000.0,,,,2427229000000.0,-23064420000000.0,,,11287605929.0,,,,,0.08129502734416805,0.0579505606620201,0.017420837172640438,,11506516975.0,5717862000000.0,22.89,[],{},,,,,0.05679335731262465,,,0.7,14,20,0.4285714285714286,1.0,22.0,0.32269545454545456,0.32269545454545456,0.045454545454545456,0.0,1.0,0.045454545454545456,22.0,1,5,dividend,0.3245866666666667,False,0.36665000000000003,0.4872,hold,2,9,stable,0.0641,persistent
HDB,HDFC Bank Limited,Financial Services,119286218752.0,16.71223,16.295122,9.476799,1.8,,,0.13838,0.013976776312810852,0.26787,0.166,0.181,,4107915231232.0,,,2371508200000.0,5658713784320.0,2377666265088.0,2.4512496,48187671100000.0,,,,673508300000.0,1195617400000.0,,,15304409210.0,0.014113253391037828,,,,0.15203279039563297,0.1834499973514556,0.04921400320589471,0.04503623224622428,15193797254.0,1823477000000.0,23.23,[],{},,,,,0.05983641919719869,,,0.7,14,20,0.511904761904762,3.0,22.0,0.41734545454545463,0.41734545454545463,0.13636363636363635,0.0,1.0,0.13636363636363635,22.0,2,5,"dividend,garp",0.5058666666666667,False,0.53335,0.4744,hold,2,6,stable,0.1381,persistent
JD,"JD.com, Inc.",Consumer Cyclical,40771596288.0,22.036497,7.106615,1.2954732,3.31,1.18,38.478,0.06004,0.02823787652779556,0.0104600005,0.049,-0.507,7005875200.0,11536747520.0,7084000256.0,3690000000.0,1309085000000.0,108019998720.0,202132996096.0,23.304226,695201000000.0,374421000000.0,,306072000000.0,19631000000.0,18991000000.0,0.16043877975838086,,2741847251.0,0.059233723937820275,0.15866843743500927,1.2233102015212107,1.2910547173653935,0.15406335721611447,0.12856434948742113,1.883030950761003,1.6596427558669444,2903433255.0,2803000000.0,30.19,[],{},0.17183225180864423,1.6285639614748202,3.1264898428184282,0.3198475127936231,0.04537926331939237,,0.009482716528452005,1.0,20,20,0.44999999999999996,5.0,22.0,0.5299454545454546,0.5299454545454546,0.22727272727272727,0.0,1.0,0.22727272727272727,22.0,4,5,"cheapness,dividend,garp,risk",0.5794166666666667,True,0.73335,0.4375,hold,2,9,stable,0.355,persistent
SONY,Sony Group Corporation,Technology,123204247552.0,19.980953,17.63025,2.5013523,0.76,1.182,19.513,0.12336001,-0.020841343348961233,-0.02619,0.083,-0.574,-1357953368064.0,22215858176.0,1970009014272.0,1553690000000.0,12479620000000.0,1669669060608.0,2208879083520.0,8.387463,15683490000000.0,5949991000000.0,,5032624000000.0,-326865000000.0,1945617000000.0,0.3080538509986682,,5907667254.0,0.03234619907935169,0.293322089383749,1.1822840331405644,0.6974586828740545,0.10646029678343277,0.11895348712341619,0.7957170247183503,0.3409984418232954,6025003795.0,35575000000.0,20.98,[],{},-11.021968763624466,0.011277033767385923,0.014298771425445231,69.93607843961058,0.05004766289175496,,0.14587452325472877,1.0,20,20,0.4,6.0,22.0,0.4396954545454545,0.4396954545454545,0.2727272727272727,0.0,1.0,0.2727272727272727,22.0,4,5,"cheapness,quality,dividend,risk",0.4337566666666667,True,0.75,0.4333,hold,2,9,stable,0.3333,persistent
TM,Toyota Motor Corporation,Consumer Cyclical,210083938304.0,9.80221,11.243346,15.009446,3.53,1.274,107.061,0.10233,0.03646714362289817,0.07592,0.019,0.232,-1204836106240.0,34849966522368.0,5612894158848.0,3766216000000.0,50684952000000.0,43916481003520.0,13867543429120.0,11.820556,105522331000000.0,42824081000000.0,,33605019000000.0,3848098000000.0,5472920000000.0,0.16698723518570166,,13033384474.0,,,1.274335866318064,1.259713218152205,0.40944384558752783,0.414447857856751,0.4803244158812223,,13048929774.0,60293000000.0,177.42,[],{},-5.735022467527019,6.208912111309198,9.253310623280237,0.108069429495225,0.1020178102693168,,0.05236869809594663,1.0,20,20,0.41250000000000003,7.0,22.0,0.5009545454545455,0.5009545454545455,0.3181818181818182,0.0,1.0,0.3181818181818182,22.0,3,5,"cheapness,dividend,garp",0.6071483333333333,False,0.63335,0.375,hold,2,9,stable,0.2363,persistent
BABA,Alibaba Group Holding Limited,Consumer Cyclical,268785238016.0,17.27889,12.318527,1.6629146,0.94,1.282,25.014,0.092159994,0.05424886230931571,0.1012,0.029,1.041,-44074250240.0,291991158784.0,110100996096.0,59665000000.0,1023670000000.0,281721995264.0,316819996672.0,67.435814,1909570000000.0,610769000000.0,,476398000000.0,103592000000.0,76213000000.0,0.39811071927476627,,18580374278.0,0.07211343140303299,0.39952145186365795,1.2820561799167922,1.5483064045609698,0.1475316432495274,0.13751595558651988,0.5360735663002666,0.552229292655525,18997077324.0,9793000000.0,112.14,[],{},-0.16397570999556305,2.652030128132584,4.893843271331601,0.20433837876624575,0.057874087976716095,,0.041631430142369516,1.0,20,20,0.41666666666666663,6.0,22.0,0.5080181818181818,0.5080181818181818,0.2727272727272727,0.0,1.0,0.2727272727272727,22.0,4,5,"cheapness,dividend,garp,risk",0.6038833333333333,True,0.66665,0.3729,hold,2,9,stable,0.3158,persistent
ASX,"ASE Technology Holding Co., Ltd.",Technology,80824967168.0,58.476192,18.935617,7.4534373,1.13,1.147,67.16,0.13577,0.04498680819202651,0.07043,0.172,0.876,-66127527936.0,255243665408.0,125736927232.0,51534932000.0,645387710000.0,255975227392.0,112093282304.0,4.942686,889499758000.0,313795092000.0,,248479145000.0,40015755000.0,142249287000.0,0.17693685862099853,,4374088277.0,0.04369272796426979,0.16279842723727733,1.2628628933828632,1.1743056150513371,0.2964165685585268,0.2717890916343517,0.725562547033318,0.8034565751241415,4341989537.0,7478400000.0,36.84,[],{},-0.8181571889605547,2.0299817327096297,4.952828217722302,0.20190484225190397,0.01710097675306901,,0.08039512451684608,1.0,20,20,0.3083333333333333,6.0,22.0,0.38385,0.38385,0.2727272727272727,0.0,1.0,0.2727272727272727,22.0,5,5,"cheapness,quality,dividend,garp,risk",0.48980499999999993,True,0.83335,0.3167,hold,2,9,stable,0.3125,persistent
TSM,Taiwan Semiconductor Manufacturing Company Limited,Technology,2092275466240.0,35.574074,18.947647,84.03323,0.94,2.458,15.174,0.39969003,0.2139969374155607,0.49923,0.36,0.774,739057991680.0,14244352360448.0,3175220510720.0,1936095600000.0,3809054300000.0,982447030272.0,3518013112320.0,4.8006005,7932842500000.0,3817130800000.0,,1522414000000.0,1697604000000.0,2274975600000.0,0.5989134888415741,,25932524521.0,0.17310533946299697,0.561223535424378,2.5072882934602547,2.359942059635386,0.1341993995216721,0.1564672619167258,0.4801626024971503,0.43251785287668587,25932733242.0,12370400000.0,403.41,[],{},0.35323168655614506,4.4860986228695054,7.357256718339735,0.13592022655771396,0.02811035924645572,,0.30202280549576366,1.0,20,20,0.3583333333333334,9.0,22.0,0.5745363636363636,0.5745363636363636,0.4090909090909091,0.0,1.0,0.4090909090909091,22.0,5,5,"cheapness,quality,dividend,garp,risk",0.6476716666666666,True,0.83335,0.3,hold,2,9,stable,0.3292,persistent
IBN,ICICI Bank Limited,Financial Services,105841704960.0,18.44375,15.959979,2.695198,0.84,,,0.16073999,0.018599327678653813,0.27531,0.114,0.138,,1804283281408.0,,,2234071181000.0,2263177232384.0,740090773504.0,10.949102,29144979720000.0,,,,542077028000.0,673254189000.0,,,7160112569.0,0.019312843724728516,,,,0.0712360560873981,0.07707461803724676,0.07665372226925674,0.07747788020496402,7121927830.0,890285812000.0,29.51,[],{},,,,,0.0542189088444595,,,0.7,14,20,0.27380952380952384,4.0,22.0,0.39078181818181823,0.39078181818181823,0.18181818181818182,0.0,1.0,0.18181818181818182,22.0,4,5,"cheapness,quality,dividend,garp",0.46375666666666665,False,0.53335,0.1667,hold,2,9,stable,0.1233,persistent
NIO,NIO Inc.,Consumer Cyclical,11250444288.0,,25.895765,17.390116,,1.009,183.304,-0.83959,-0.12516513723458247,-0.09086,1.122,,,16096019456.0,-467509504.0,-14041238000.0,87487510000.0,26567524352.0,31765663744.0,0.25819263,124401078000.0,76633037000.0,,78582563000.0,-15570678000.0,2992612000.0,0.13619892713828521,,2474273324.0,-0.21056432042150758,0.09877693605289356,0.9751913665630886,0.9931796819773014,0.2513091968543874,0.31432949175078106,0.7032697096081434,0.6108619117552322,2091505895.0,885248000.0,4.49,[],{},,-34.429288213999605,-1.1463390518699277,-0.8723422606678042,,,-0.30645336279449475,0.85,17,20,0.28125,0.0,22.0,0.20892727272727277,0.20892727272727277,0.0,0.0,1.0,0.0,22.0,0,5,,0.17382999999999998,False,0.45,0.4464,avoid,1,9,stable,0.0,persistent
RDY,Dr. Reddy's Laboratories Limited,Healthcare,9821070336.0,28.756098,18.306944,14.706898,0.71,1.902,18.605,0.088369995,0.07396270967608304,0.09996,-0.056,-0.687,-3909625088.0,52639682560.0,54671998976.0,50123000000.0,335933000000.0,71951998976.0,81426997248.0,0.80166465,579346000000.0,301975000000.0,,167566000000.0,42850000000.0,56755000000.0,0.5276766498081462,,832691395.0,0.11469627111355425,0.584969358133534,1.8021257295632767,1.9181544880053991,0.13349708119155046,0.09486215716780699,0.579848656933853,0.6603291351328325,832003105.0,3738000000.0,11.79,[],{},-0.3980854381694961,0.9628271061226031,1.0502101342696966,0.9521903925402395,0.034775232717596104,,0.12172276458302977,1.0,20,20,0.22777777777777777,2.0,22.0,0.3599727272727273,0.3599727272727273,0.09090909090909091,0.0,1.0,0.09090909090909091,22.0,2,5,"cheapness,risk",0.36847,True,0.83335,0.2222,avoid,1,6,stable,0.09,persistent
