ticker,model_id,model_name,passed,score,reasons,failed_criteria,details
ABN.AS,graham_defensive,Graham Defensive,False,0.5,"['P/B < 1.5 or P/E×P/B < 22.5: P/B=1.16', 'Dividend payer: yield=318.00%']","['P/E >= 15', 'current ratio < 2']",
ABN.AS,graham_enterprising,Graham Enterprising,True,0.8,"['P/E < 25: P/E=15.4', 'P/B < 3: P/B=1.16', 'ROE > 8%: ROE=8.4%', 'Positive earnings growth: growth=15.8%']",['excessive leverage'],
ABN.AS,graham_net_net,Graham Net-Net,False,0.0,[],['missing NCAV (balance sheet data)'],
ABN.AS,schloss,Schloss Low P/B,False,0.5,['P/B < 1.2: P/B=1.16'],['too much leverage'],
ABN.AS,deep_value,Deep Value,False,0.0,[],"['P/B not below 1.0', 'EV/EBITDA not below 8']",
ABN.AS,earnings_yield,Earnings Yield,False,0.5427,['E/P=6.5% (P/E=15.4)'],['earnings yield 6.5% below 8%'],
ABN.AS,fcf_yield,FCF Yield,False,1.0,['FCF yield=nan%'],['FCF yield nan% below 5%'],
ABN.AS,low_pe_high_yield,Low P/E + High Yield,False,0.5,['yield=318.0%'],['P/E not below 12.0'],
ABN.AS,lynch_peg,Lynch PEG,True,0.0282,"['PEG=0.97', 'growth=15.8%']",[],
ABN.AS,neff_pegy,Neff PEGY,True,0.954,"['PEGY=0.05', 'growth=15.8%', 'yield=318.0%']",[],
ABN.AS,quality_value,Quality Value,False,0.4,"['Profit margin >= 5%: margin=26.5%', 'P/E < 20: P/E=15.4']","['ROE below 12%', 'high leverage', 'FCF yield below 3%']",
ABN.AS,buffett_quality,Buffett Quality,False,0.5,"['margin >= 8%: margin=26.5%', 'P/E < 25.0: P/E=15.4']","['ROE too low', 'too much debt']",
ABN.AS,economic_moat,Economic Moat,False,0.25,['wide margin=26.5%'],"['ROE below 18%', 'ROA below 8%', 'leverage too high']",
ABN.AS,high_dividend,High Dividend Yield,False,0.4167,"['yield=318.0%', 'universe rank 42%']",['not in top quartile for yield'],
ABN.AS,dividend_growth,Dividend Growth,True,1.0,"['dividend payer: yield=318.0%', 'earnings growth: growth=15.8%', 'reasonable P/E: P/E=15.4']",[],
ABN.AS,magic_formula,Magic Formula,False,0.0,[],['missing EBIT/EV or ROIC inputs'],
ABN.AS,acquirers_multiple,Acquirer's Multiple,False,0.0,[],['could not rank EV/EBIT'],
ABN.AS,dreman_contrarian,Dreman Contrarian,True,0.6822,"['low P/E rank 75%', 'low P/B rank 88%']",['dividend yield below median'],
ABN.AS,piotroski_f,Piotroski F-Score,False,0.4444,"['F-Score=4/9', 'positive net income', 'positive operating cash flow', 'leverage declining', 'no share dilution']","['F-Score 4/9 below 7', 'ROA improving', 'OCF > net income', 'current ratio improving', 'gross margin improving', 'asset turnover improving']","{'f_score': 4, 'max_score': 9, 'components': [{'name': 'positive net income', 'passed': True}, {'name': 'positive operating cash flow', 'passed': True}, {'name': 'ROA improving', 'passed': False}, {'name': 'OCF > net income', 'passed': False}, {'name': 'leverage declining', 'passed': True}, {'name': 'current ratio improving', 'passed': False}, {'name': 'no share dilution', 'passed': True}, {'name': 'gross margin improving', 'passed': False}, {'name': 'asset turnover improving', 'passed': False}]}"
ABN.AS,composite_value,Composite Value,False,0.4769,['top-tier on price_to_book (percentile 80%)'],"['missing fcf_yield', 'missing ev_ebitda']",
ABN.AS,earnings_quality,Earnings Quality,False,0.6667,"['OCF/NI=0.99', 'ratio=0.00%']",['weak free-cash conversion'],
ABN.AS,financial_health,Financial Health,False,0.4,"['leverage=19.2%', 'insufficient data — skipped']","['high debt to equity', 'weak liquidity', 'weak interest coverage']",
ADYEN.AS,graham_defensive,Graham Defensive,False,0.0,[],"['P/E >= 15', 'valuation too rich on P/B or P/E×P/B', 'current ratio < 2', 'no dividend']",
ADYEN.AS,graham_enterprising,Graham Enterprising,False,0.6,"['Debt/equity < 100%: D/E=5%', 'ROE > 8%: ROE=22.3%', 'Positive earnings growth: growth=11.9%']","['P/E >= 25', 'P/B >= 3']",
ADYEN.AS,graham_net_net,Graham Net-Net,False,0.0,[],['missing NCAV (balance sheet data)'],
ADYEN.AS,schloss,Schloss Low P/B,False,0.5,['D/E < 50.0%: D/E=5%'],['P/B too high'],
ADYEN.AS,deep_value,Deep Value,False,0.0,[],"['P/B not below 1.0', 'EV/EBITDA not below 8']",
ADYEN.AS,earnings_yield,Earnings Yield,False,0.3192,['E/P=3.8% (P/E=26.1)'],['earnings yield 3.8% below 8%'],
ADYEN.AS,fcf_yield,FCF Yield,False,0.1932,['FCF yield=1.9%'],['FCF yield 1.9% below 5%'],
ADYEN.AS,low_pe_high_yield,Low P/E + High Yield,False,0.0,[],"['P/E not below 12.0', 'yield below 4%']",
ADYEN.AS,lynch_peg,Lynch PEG,False,0.0,"['PEG=2.19', 'growth=11.9%']",['PEG 2.19 >= 1.0'],
ADYEN.AS,neff_pegy,Neff PEGY,False,0.0,"['PEGY=nan', 'growth=11.9%', 'yield=nan%']",['PEGY nan >= 1.0'],
ADYEN.AS,quality_value,Quality Value,False,0.6,"['ROE >= 12%: ROE=22.3%', 'Profit margin >= 5%: margin=44.7%', 'Debt/equity < 80%: D/E=5%']","['P/E >= 20', 'FCF yield below 3%']",
ADYEN.AS,buffett_quality,Buffett Quality,False,0.75,"['ROE >= 15%: ROE=22.3%', 'D/E < 60.0%: D/E=5%', 'margin >= 8%: margin=44.7%']",['P/E too high'],
ADYEN.AS,economic_moat,Economic Moat,True,1.0,"['high ROE=22.3%', 'solid ROA=8.7%', 'wide margin=44.7%', 'low leverage D/E=5%']",[],
ADYEN.AS,high_dividend,High Dividend Yield,False,0.0,[],['could not rank yield'],
ADYEN.AS,dividend_growth,Dividend Growth,False,0.3333,['earnings growth: growth=11.9%'],"['yield too low', 'P/E out of range']",
ADYEN.AS,magic_formula,Magic Formula,True,0.634,"['earnings yield rank 64%', 'ROIC rank 63%']",[],
ADYEN.AS,acquirers_multiple,Acquirer's Multiple,False,0.5909,"['EV/EBIT=15.6', 'universe rank 59%']","['EV/EBIT 15.6 above 12.0', 'not in top 40% cheapest on EV/EBIT']",
ADYEN.AS,dreman_contrarian,Dreman Contrarian,False,0.3467,[],"['P/E not in bottom quartile', 'P/B not cheap vs universe']",
ADYEN.AS,piotroski_f,Piotroski F-Score,False,0.6667,"['F-Score=6/9', 'positive net income', 'positive operating cash flow', 'ROA improving', 'current ratio improving', 'no share dilution', 'asset turnover improving']","['F-Score 6/9 below 7', 'OCF > net income', 'leverage declining', 'gross margin improving']","{'f_score': 6, 'max_score': 9, 'components': [{'name': 'positive net income', 'passed': True}, {'name': 'positive operating cash flow', 'passed': True}, {'name': 'ROA improving', 'passed': True}, {'name': 'OCF > net income', 'passed': False}, {'name': 'leverage declining', 'passed': False}, {'name': 'current ratio improving', 'passed': True}, {'name': 'no share dilution', 'passed': True}, {'name': 'gross margin improving', 'passed': False}, {'name': 'asset turnover improving', 'passed': True}]}"
ADYEN.AS,composite_value,Composite Value,True,0.9375,"['top-tier on trailing_pe (percentile 100%)', 'top-tier on price_to_book (percentile 100%)', 'top-tier on fcf_yield (percentile 75%)', 'top-tier on ev_ebitda (percentile 100%)']",['missing dividend_yield'],
ADYEN.AS,earnings_quality,Earnings Quality,False,0.6667,"['OCF/NI=0.97', 'ratio=0.26%']",['weak free-cash conversion'],
ADYEN.AS,financial_health,Financial Health,True,1.0,"['D/E=5%', 'leverage=2.1%', 'CR=1.72', 'ratio=-8.8', 'coverage=55.6x']",[],
AGN.AS,graham_defensive,Graham Defensive,False,0.75,"['P/E < 15: P/E=13.7', 'Current ratio >= 2: CR=8.00', 'Dividend payer: yield=510.00%']",['valuation too rich on P/B or P/E×P/B'],
AGN.AS,graham_enterprising,Graham Enterprising,True,0.8,"['P/E < 25: P/E=13.7', 'P/B < 3: P/B=1.65', 'Debt/equity < 100%: D/E=57%', 'ROE > 8%: ROE=10.4%']",['negative earnings growth'],
AGN.AS,graham_net_net,Graham Net-Net,False,0.0,[],['missing NCAV (balance sheet data)'],
AGN.AS,schloss,Schloss Low P/B,False,0.0,[],"['P/B too high', 'too much leverage']",
AGN.AS,deep_value,Deep Value,False,0.0,[],"['P/B not below 1.0', 'EV/EBITDA not below 8']",
AGN.AS,earnings_yield,Earnings Yield,False,0.6069,['E/P=7.3% (P/E=13.7)'],['earnings yield 7.3% below 8%'],
AGN.AS,fcf_yield,FCF Yield,False,0.0,['FCF yield=-1.7%'],['FCF yield -1.7% below 5%'],
AGN.AS,low_pe_high_yield,Low P/E + High Yield,False,0.5,['yield=510.0%'],['P/E not below 12.0'],
AGN.AS,lynch_peg,Lynch PEG,False,0.2,[],['missing or negative earnings growth'],
AGN.AS,neff_pegy,Neff PEGY,True,0.9704,"['PEGY=0.03', 'growth=-46.7%', 'yield=510.0%']",[],
AGN.AS,quality_value,Quality Value,False,0.6,"['Profit margin >= 5%: margin=8.0%', 'Debt/equity < 80%: D/E=57%', 'P/E < 20: P/E=13.7']","['ROE below 12%', 'FCF yield below 3%']",
AGN.AS,buffett_quality,Buffett Quality,False,0.75,"['D/E < 60.0%: D/E=57%', 'margin >= 8%: margin=8.0%', 'P/E < 25.0: P/E=13.7']",['ROE too low'],
AGN.AS,economic_moat,Economic Moat,False,0.0,[],"['ROE below 18%', 'ROA below 8%', 'margins below 12%', 'leverage too high']",
AGN.AS,high_dividend,High Dividend Yield,True,0.9167,"['yield=510.0%', 'universe rank 92%']",[],
AGN.AS,dividend_growth,Dividend Growth,True,0.6667,"['dividend payer: yield=510.0%', 'reasonable P/E: P/E=13.7']",['earnings not growing'],
AGN.AS,magic_formula,Magic Formula,False,0.0,[],['missing EBIT/EV or ROIC inputs'],
AGN.AS,acquirers_multiple,Acquirer's Multiple,False,0.5,"['EV/EBIT=16.5', 'universe rank 50%']","['EV/EBIT 16.5 above 12.0', 'not in top 40% cheapest on EV/EBIT']",
AGN.AS,dreman_contrarian,Dreman Contrarian,True,0.7961,"['low P/E rank 79%', 'low P/B rank 68%', 'dividend rank 92%']",[],
AGN.AS,piotroski_f,Piotroski F-Score,False,0.6667,"['F-Score=6/9', 'positive net income', 'positive operating cash flow', 'ROA improving', 'leverage declining', 'no share dilution', 'asset turnover improving']","['F-Score 6/9 below 7', 'OCF > net income', 'current ratio improving', 'gross margin improving']","{'f_score': 6, 'max_score': 9, 'components': [{'name': 'positive net income', 'passed': True}, {'name': 'positive operating cash flow', 'passed': True}, {'name': 'ROA improving', 'passed': True}, {'name': 'OCF > net income', 'passed': False}, {'name': 'leverage declining', 'passed': True}, {'name': 'current ratio improving', 'passed': False}, {'name': 'no share dilution', 'passed': True}, {'name': 'gross margin improving', 'passed': False}, {'name': 'asset turnover improving', 'passed': True}]}"
AGN.AS,composite_value,Composite Value,False,0.5961,"['top-tier on trailing_pe (percentile 80%)', 'top-tier on dividend_yield (percentile 80%)']",['missing ev_ebitda'],
AGN.AS,earnings_quality,Earnings Quality,False,0.3333,['ratio=0.17%'],"['weak free-cash conversion', 'operating cash below earnings']",
AGN.AS,financial_health,Financial Health,False,0.8,"['D/E=57%', 'leverage=1.2%', 'insufficient data — skipped', 'coverage=175.2x']",['weak liquidity'],
AD.AS,graham_defensive,Graham Defensive,False,0.5,"['P/E < 15: P/E=13.6', 'Dividend payer: yield=425.00%']","['valuation too rich on P/B or P/E×P/B', 'current ratio < 2']",
AD.AS,graham_enterprising,Graham Enterprising,True,0.8,"['P/E < 25: P/E=13.6', 'P/B < 3: P/B=2.05', 'ROE > 8%: ROE=15.0%', 'Positive earnings growth: growth=3.3%']",['excessive leverage'],
AD.AS,graham_net_net,Graham Net-Net,False,0.0,[],['missing NCAV (balance sheet data)'],
AD.AS,schloss,Schloss Low P/B,False,0.0,[],"['P/B too high', 'too much leverage']",
AD.AS,deep_value,Deep Value,False,0.0,[],"['P/B not below 1.0', 'EV/EBITDA not below 8']",
AD.AS,earnings_yield,Earnings Yield,False,0.6112,['E/P=7.3% (P/E=13.6)'],['earnings yield 7.3% below 8%'],
AD.AS,fcf_yield,FCF Yield,True,0.8762,['FCF yield=8.8%'],[],
AD.AS,low_pe_high_yield,Low P/E + High Yield,False,0.5,['yield=425.0%'],['P/E not below 12.0'],
AD.AS,lynch_peg,Lynch PEG,False,0.0,"['PEG=4.13', 'growth=3.3%']","['growth 3.3% below 5% floor', 'PEG 4.13 >= 1.0']",
AD.AS,neff_pegy,Neff PEGY,True,0.9682,"['PEGY=0.03', 'growth=3.3%', 'yield=425.0%']",[],
AD.AS,quality_value,Quality Value,False,0.6,"['ROE >= 12%: ROE=15.0%', 'P/E < 20: P/E=13.6', 'FCF yield >= 3%: FCF yield=8.8%']","['thin margins', 'high leverage']",
AD.AS,buffett_quality,Buffett Quality,False,0.25,['P/E < 25.0: P/E=13.6'],"['ROE too low', 'too much debt', 'thin margins']",
AD.AS,economic_moat,Economic Moat,False,0.0,[],"['ROE below 18%', 'ROA below 8%', 'margins below 12%', 'leverage too high']",
AD.AS,high_dividend,High Dividend Yield,False,0.7083,"['yield=425.0%', 'universe rank 71%']",['not in top quartile for yield'],
AD.AS,dividend_growth,Dividend Growth,True,1.0,"['dividend payer: yield=425.0%', 'earnings growth: growth=3.3%', 'reasonable P/E: P/E=13.6']",[],
AD.AS,magic_formula,Magic Formula,False,0.4988,['earnings yield rank 68%'],['below top half on combined Magic Formula rank'],
AD.AS,acquirers_multiple,Acquirer's Multiple,False,0.6364,"['EV/EBIT=14.9', 'universe rank 64%']",['EV/EBIT 14.9 above 12.0'],
AD.AS,dreman_contrarian,Dreman Contrarian,True,0.6872,"['low P/E rank 83%', 'dividend rank 71%']",['P/B not cheap vs universe'],
AD.AS,piotroski_f,Piotroski F-Score,True,0.7778,"['F-Score=7/9', 'positive net income', 'positive operating cash flow', 'ROA improving', 'OCF > net income', 'leverage declining', 'no share dilution', 'asset turnover improving']","['current ratio improving', 'gross margin improving']","{'f_score': 7, 'max_score': 9, 'components': [{'name': 'positive net income', 'passed': True}, {'name': 'positive operating cash flow', 'passed': True}, {'name': 'ROA improving', 'passed': True}, {'name': 'OCF > net income', 'passed': True}, {'name': 'leverage declining', 'passed': True}, {'name': 'current ratio improving', 'passed': False}, {'name': 'no share dilution', 'passed': True}, {'name': 'gross margin improving', 'passed': False}, {'name': 'asset turnover improving', 'passed': True}]}"
AD.AS,composite_value,Composite Value,True,0.8667,"['top-tier on trailing_pe (percentile 100%)', 'top-tier on price_to_book (percentile 100%)', 'top-tier on ev_ebitda (percentile 100%)']",[],
AD.AS,earnings_quality,Earnings Quality,True,1.0,"['FCF/NI=1.17', 'OCF/NI=3.09', 'ratio=-9.63%']",[],
AD.AS,financial_health,Financial Health,False,0.6,"['leverage=37.5%', 'ratio=2.9', 'coverage=3.7x']","['high debt to equity', 'weak liquidity']",
AKZA.AS,graham_defensive,Graham Defensive,False,0.25,['Dividend payer: yield=326.00%'],"['P/E >= 15', 'valuation too rich on P/B or P/E×P/B', 'current ratio < 2']",
AKZA.AS,graham_enterprising,Graham Enterprising,True,0.8,"['P/E < 25: P/E=16.3', 'P/B < 3: P/B=2.14', 'ROE > 8%: ROE=14.1%', 'Positive earnings growth: growth=12.5%']",['excessive leverage'],
AKZA.AS,graham_net_net,Graham Net-Net,False,0.0,[],['missing NCAV (balance sheet data)'],
AKZA.AS,schloss,Schloss Low P/B,False,0.0,[],"['P/B too high', 'too much leverage']",
AKZA.AS,deep_value,Deep Value,False,0.0,[],"['P/B not below 1.0', 'EV/EBITDA not below 8']",
AKZA.AS,earnings_yield,Earnings Yield,False,0.5105,['E/P=6.1% (P/E=16.3)'],['earnings yield 6.1% below 8%'],
AKZA.AS,fcf_yield,FCF Yield,True,0.7923,['FCF yield=7.9%'],[],
AKZA.AS,low_pe_high_yield,Low P/E + High Yield,False,0.5,['yield=326.0%'],['P/E not below 12.0'],
AKZA.AS,lynch_peg,Lynch PEG,False,0.0,"['PEG=1.31', 'growth=12.5%']",['PEG 1.31 >= 1.0'],
AKZA.AS,neff_pegy,Neff PEGY,True,0.9518,"['PEGY=0.05', 'growth=12.5%', 'yield=326.0%']",[],
AKZA.AS,quality_value,Quality Value,True,0.8,"['ROE >= 12%: ROE=14.1%', 'Profit margin >= 5%: margin=6.4%', 'P/E < 20: P/E=16.3', 'FCF yield >= 3%: FCF yield=7.9%']",['high leverage'],
AKZA.AS,buffett_quality,Buffett Quality,False,0.25,['P/E < 25.0: P/E=16.3'],"['ROE too low', 'too much debt', 'thin margins']",
AKZA.AS,economic_moat,Economic Moat,False,0.0,[],"['ROE below 18%', 'ROA below 8%', 'margins below 12%', 'leverage too high']",
AKZA.AS,high_dividend,High Dividend Yield,False,0.4583,"['yield=326.0%', 'universe rank 46%']",['not in top quartile for yield'],
AKZA.AS,dividend_growth,Dividend Growth,True,1.0,"['dividend payer: yield=326.0%', 'earnings growth: growth=12.5%', 'reasonable P/E: P/E=16.3']",[],
AKZA.AS,magic_formula,Magic Formula,True,0.6687,['earnings yield rank 86%'],[],
AKZA.AS,acquirers_multiple,Acquirer's Multiple,True,0.8182,"['EV/EBIT=11.8', 'universe rank 82%']",[],
AKZA.AS,dreman_contrarian,Dreman Contrarian,False,0.5489,[],"['P/E not in bottom quartile', 'P/B not cheap vs universe', 'dividend yield below median']",
AKZA.AS,piotroski_f,Piotroski F-Score,True,0.7778,"['F-Score=7/9', 'positive net income', 'positive operating cash flow', 'ROA improving', 'OCF > net income', 'leverage declining', 'current ratio improving', 'no share dilution']","['gross margin improving', 'asset turnover improving']","{'f_score': 7, 'max_score': 9, 'components': [{'name': 'positive net income', 'passed': True}, {'name': 'positive operating cash flow', 'passed': True}, {'name': 'ROA improving', 'passed': True}, {'name': 'OCF > net income', 'passed': True}, {'name': 'leverage declining', 'passed': True}, {'name': 'current ratio improving', 'passed': True}, {'name': 'no share dilution', 'passed': True}, {'name': 'gross margin improving', 'passed': False}, {'name': 'asset turnover improving', 'passed': False}]}"
AKZA.AS,composite_value,Composite Value,True,0.7625,"['top-tier on trailing_pe (percentile 100%)', 'top-tier on dividend_yield (percentile 75%)', 'top-tier on fcf_yield (percentile 75%)', 'top-tier on ev_ebitda (percentile 75%)']",[],
AKZA.AS,earnings_quality,Earnings Quality,True,1.0,"['FCF/NI=1.30', 'OCF/NI=1.44', 'ratio=-2.01%']",[],
AKZA.AS,financial_health,Financial Health,False,0.8,"['leverage=34.8%', 'CR=1.44', 'ratio=2.9', 'coverage=5.5x']",['high debt to equity'],
MT.AS,graham_defensive,Graham Defensive,False,0.5,"['P/B < 1.5 or P/E×P/B < 22.5: P/B=0.95', 'Dividend payer: yield=84.00%']","['P/E >= 15', 'current ratio < 2']",
MT.AS,graham_enterprising,Graham Enterprising,False,0.4,"['P/B < 3: P/B=0.95', 'Debt/equity < 100%: D/E=25%']","['P/E >= 25', 'ROE <= 8%', 'negative earnings growth']",
MT.AS,graham_net_net,Graham Net-Net,False,0.0,[],['missing NCAV (balance sheet data)'],
MT.AS,schloss,Schloss Low P/B,True,1.0,"['P/B < 1.2: P/B=0.95', 'D/E < 50.0%: D/E=25%']",[],
MT.AS,deep_value,Deep Value,False,0.5,['P/B=0.95'],['EV/EBITDA not below 8'],
MT.AS,earnings_yield,Earnings Yield,False,0.284,['E/P=3.4% (P/E=29.3)'],['earnings yield 3.4% below 8%'],
MT.AS,fcf_yield,FCF Yield,False,0.0,['FCF yield=-1.7%'],['FCF yield -1.7% below 5%'],
MT.AS,low_pe_high_yield,Low P/E + High Yield,False,0.5,['yield=84.0%'],['P/E not below 12.0'],
MT.AS,lynch_peg,Lynch PEG,False,0.2,[],['missing or negative earnings growth'],
MT.AS,neff_pegy,Neff PEGY,False,0.0,"['PEGY=1.32', 'growth=-61.7%', 'yield=84.0%']",['PEGY 1.32 >= 1.0'],
MT.AS,quality_value,Quality Value,False,0.2,['Debt/equity < 80%: D/E=25%'],"['ROE below 12%', 'thin margins', 'P/E >= 20', 'FCF yield below 3%']",
MT.AS,buffett_quality,Buffett Quality,False,0.25,['D/E < 60.0%: D/E=25%'],"['ROE too low', 'thin margins', 'P/E too high']",
MT.AS,economic_moat,Economic Moat,False,0.25,['low leverage D/E=25%'],"['ROE below 18%', 'ROA below 8%', 'margins below 12%']",
MT.AS,high_dividend,High Dividend Yield,False,0.2083,"['yield=84.0%', 'universe rank 21%']",['not in top quartile for yield'],
MT.AS,dividend_growth,Dividend Growth,False,0.3333,['dividend payer: yield=84.0%'],"['earnings not growing', 'P/E out of range']",
MT.AS,magic_formula,Magic Formula,False,0.1854,[],['below top half on combined Magic Formula rank'],
MT.AS,acquirers_multiple,Acquirer's Multiple,False,0.2727,"['EV/EBIT=39.3', 'universe rank 27%']","['EV/EBIT 39.3 above 12.0', 'not in top 40% cheapest on EV/EBIT']",
MT.AS,dreman_contrarian,Dreman Contrarian,False,0.4867,['low P/B rank 96%'],"['P/E not in bottom quartile', 'dividend yield below median']",
MT.AS,piotroski_f,Piotroski F-Score,False,0.6667,"['F-Score=6/9', 'positive net income', 'positive operating cash flow', 'ROA improving', 'OCF > net income', 'current ratio improving', 'no share dilution']","['F-Score 6/9 below 7', 'leverage declining', 'gross margin improving', 'asset turnover improving']","{'f_score': 6, 'max_score': 9, 'components': [{'name': 'positive net income', 'passed': True}, {'name': 'positive operating cash flow', 'passed': True}, {'name': 'ROA improving', 'passed': True}, {'name': 'OCF > net income', 'passed': True}, {'name': 'leverage declining', 'passed': False}, {'name': 'current ratio improving', 'passed': True}, {'name': 'no share dilution', 'passed': True}, {'name': 'gross margin improving', 'passed': False}, {'name': 'asset turnover improving', 'passed': False}]}"
MT.AS,composite_value,Composite Value,False,0.475,"['top-tier on price_to_book (percentile 100%)', 'top-tier on ev_ebitda (percentile 100%)']",[],
MT.AS,earnings_quality,Earnings Quality,False,0.6667,"['OCF/NI=1.53', 'ratio=-1.69%']",['weak free-cash conversion'],
MT.AS,financial_health,Financial Health,True,1.0,"['D/E=25%', 'leverage=13.7%', 'CR=1.36', 'ratio=1.8', 'coverage=2.5x']",[],
ASM.AS,graham_defensive,Graham Defensive,False,0.5,"['Current ratio >= 2: CR=2.17', 'Dividend payer: yield=41.00%']","['P/E >= 15', 'valuation too rich on P/B or P/E×P/B']",
ASM.AS,graham_enterprising,Graham Enterprising,False,0.6,"['Debt/equity < 100%: D/E=2%', 'ROE > 8%: ROE=26.8%', 'Positive earnings growth: growth=41.5%']","['P/E >= 25', 'P/B >= 3']",
ASM.AS,graham_net_net,Graham Net-Net,False,0.0,[],['missing NCAV (balance sheet data)'],
ASM.AS,schloss,Schloss Low P/B,False,0.5,['D/E < 50.0%: D/E=2%'],['P/B too high'],
ASM.AS,deep_value,Deep Value,False,0.0,[],"['P/B not below 1.0', 'EV/EBITDA not below 8']",
ASM.AS,earnings_yield,Earnings Yield,False,0.2275,['E/P=2.7% (P/E=36.6)'],['earnings yield 2.7% below 8%'],
ASM.AS,fcf_yield,FCF Yield,False,0.06,['FCF yield=0.6%'],['FCF yield 0.6% below 5%'],
ASM.AS,low_pe_high_yield,Low P/E + High Yield,False,0.5,['yield=41.0%'],['P/E not below 12.0'],
ASM.AS,lynch_peg,Lynch PEG,True,0.1172,"['PEG=0.88', 'growth=41.5%']",[],
ASM.AS,neff_pegy,Neff PEGY,True,0.5559,"['PEGY=0.44', 'growth=41.5%', 'yield=41.0%']",[],
ASM.AS,quality_value,Quality Value,False,0.6,"['ROE >= 12%: ROE=26.8%', 'Profit margin >= 5%: margin=31.9%', 'Debt/equity < 80%: D/E=2%']","['P/E >= 20', 'FCF yield below 3%']",
ASM.AS,buffett_quality,Buffett Quality,False,0.75,"['ROE >= 15%: ROE=26.8%', 'D/E < 60.0%: D/E=2%', 'margin >= 8%: margin=31.9%']",['P/E too high'],
ASM.AS,economic_moat,Economic Moat,True,1.0,"['high ROE=26.8%', 'solid ROA=13.6%', 'wide margin=31.9%', 'low leverage D/E=2%']",[],
ASM.AS,high_dividend,High Dividend Yield,False,0.0,"['yield=41.0%', 'universe rank 0%']",['not in top quartile for yield'],
ASM.AS,dividend_growth,Dividend Growth,True,0.6667,"['dividend payer: yield=41.0%', 'earnings growth: growth=41.5%']",['P/E out of range'],
ASM.AS,magic_formula,Magic Formula,True,0.5311,['ROIC rank 79%'],[],
ASM.AS,acquirers_multiple,Acquirer's Multiple,False,0.2273,"['EV/EBIT=40.7', 'universe rank 23%']","['EV/EBIT 40.7 above 12.0', 'not in top 40% cheapest on EV/EBIT']",
ASM.AS,dreman_contrarian,Dreman Contrarian,False,0.1361,[],"['P/E not in bottom quartile', 'P/B not cheap vs universe', 'dividend yield below median']",
ASM.AS,piotroski_f,Piotroski F-Score,True,0.8889,"['F-Score=8/9', 'positive net income', 'positive operating cash flow', 'ROA improving', 'OCF > net income', 'current ratio improving', 'no share dilution', 'gross margin improving', 'asset turnover improving']",['leverage declining'],"{'f_score': 8, 'max_score': 9, 'components': [{'name': 'positive net income', 'passed': True}, {'name': 'positive operating cash flow', 'passed': True}, {'name': 'ROA improving', 'passed': True}, {'name': 'OCF > net income', 'passed': True}, {'name': 'leverage declining', 'passed': False}, {'name': 'current ratio improving', 'passed': True}, {'name': 'no share dilution', 'passed': True}, {'name': 'gross margin improving', 'passed': True}, {'name': 'asset turnover improving', 'passed': True}]}"
ASM.AS,composite_value,Composite Value,False,0.45,"['top-tier on trailing_pe (percentile 75%)', 'top-tier on price_to_book (percentile 75%)', 'top-tier on ev_ebitda (percentile 75%)']",[],
ASM.AS,earnings_quality,Earnings Quality,False,0.6667,"['OCF/NI=1.47', 'ratio=-6.32%']",['weak free-cash conversion'],
ASM.AS,financial_health,Financial Health,True,1.0,"['D/E=2%', 'leverage=0.3%', 'CR=2.25', 'ratio=-1.0', 'coverage=1042.3x']",[],
ASML.AS,graham_defensive,Graham Defensive,False,0.25,['Dividend payer: yield=54.00%'],"['P/E >= 15', 'valuation too rich on P/B or P/E×P/B', 'current ratio < 2']",
ASML.AS,graham_enterprising,Graham Enterprising,False,0.6,"['Debt/equity < 100%: D/E=9%', 'ROE > 8%: ROE=53.9%', 'Positive earnings growth: growth=28.5%']","['P/E >= 25', 'P/B >= 3']",
ASML.AS,graham_net_net,Graham Net-Net,False,0.0,[],['missing NCAV (balance sheet data)'],
ASML.AS,schloss,Schloss Low P/B,False,0.5,['D/E < 50.0%: D/E=9%'],['P/B too high'],
ASML.AS,deep_value,Deep Value,False,0.0,[],"['P/B not below 1.0', 'EV/EBITDA not below 8']",
ASML.AS,earnings_yield,Earnings Yield,False,0.1475,['E/P=1.8% (P/E=56.5)'],['earnings yield 1.8% below 8%'],
ASML.AS,fcf_yield,FCF Yield,False,0.1532,['FCF yield=1.5%'],['FCF yield 1.5% below 5%'],
ASML.AS,low_pe_high_yield,Low P/E + High Yield,False,0.5,['yield=54.0%'],['P/E not below 12.0'],
ASML.AS,lynch_peg,Lynch PEG,False,0.0,"['PEG=1.98', 'growth=28.5%']",['PEG 1.98 >= 1.0'],
ASML.AS,neff_pegy,Neff PEGY,True,0.3153,"['PEGY=0.68', 'growth=28.5%', 'yield=54.0%']",[],
ASML.AS,quality_value,Quality Value,False,0.6,"['ROE >= 12%: ROE=53.9%', 'Profit margin >= 5%: margin=30.1%', 'Debt/equity < 80%: D/E=9%']","['P/E >= 20', 'FCF yield below 3%']",
ASML.AS,buffett_quality,Buffett Quality,False,0.75,"['ROE >= 15%: ROE=53.9%', 'D/E < 60.0%: D/E=9%', 'margin >= 8%: margin=30.1%']",['P/E too high'],
ASML.AS,economic_moat,Economic Moat,True,1.0,"['high ROE=53.9%', 'solid ROA=19.0%', 'wide margin=30.1%', 'low leverage D/E=9%']",[],
ASML.AS,high_dividend,High Dividend Yield,False,0.0417,"['yield=54.0%', 'universe rank 4%']",['not in top quartile for yield'],
ASML.AS,dividend_growth,Dividend Growth,True,0.6667,"['dividend payer: yield=54.0%', 'earnings growth: growth=28.5%']",['P/E out of range'],
ASML.AS,magic_formula,Magic Formula,True,0.5646,['ROIC rank 95%'],[],
ASML.AS,acquirers_multiple,Acquirer's Multiple,False,0.1364,"['EV/EBIT=48.2', 'universe rank 14%']","['EV/EBIT 48.2 above 12.0', 'not in top 40% cheapest on EV/EBIT']",
ASML.AS,dreman_contrarian,Dreman Contrarian,False,0.1094,[],"['P/E not in bottom quartile', 'P/B not cheap vs universe', 'dividend yield below median']",
ASML.AS,piotroski_f,Piotroski F-Score,True,0.8889,"['F-Score=8/9', 'positive net income', 'positive operating cash flow', 'ROA improving', 'OCF > net income', 'leverage declining', 'no share dilution', 'gross margin improving', 'asset turnover improving']",['current ratio improving'],"{'f_score': 8, 'max_score': 9, 'components': [{'name': 'positive net income', 'passed': True}, {'name': 'positive operating cash flow', 'passed': True}, {'name': 'ROA improving', 'passed': True}, {'name': 'OCF > net income', 'passed': True}, {'name': 'leverage declining', 'passed': True}, {'name': 'current ratio improving', 'passed': False}, {'name': 'no share dilution', 'passed': True}, {'name': 'gross margin improving', 'passed': True}, {'name': 'asset turnover improving', 'passed': True}]}"
ASML.AS,composite_value,Composite Value,False,0.4667,[],[],
ASML.AS,earnings_quality,Earnings Quality,True,1.0,"['FCF/NI=0.88', 'OCF/NI=1.32', 'ratio=-6.03%']",[],
ASML.AS,financial_health,Financial Health,True,1.0,"['D/E=9%', 'leverage=8.7%', 'CR=1.26', 'ratio=-0.4', 'coverage=95.5x']",[],
ASRNL.AS,graham_defensive,Graham Defensive,False,0.75,"['P/B < 1.5 or P/E×P/B < 22.5: P/B=1.43', 'Current ratio >= 2: CR=5.01', 'Dividend payer: yield=481.00%']",['P/E >= 15'],
ASRNL.AS,graham_enterprising,Graham Enterprising,False,0.2,['P/B < 3: P/B=1.43'],"['P/E >= 25', 'excessive leverage', 'ROE <= 8%', 'negative earnings growth']",
ASRNL.AS,graham_net_net,Graham Net-Net,False,0.0,[],['missing NCAV (balance sheet data)'],
ASRNL.AS,schloss,Schloss Low P/B,False,0.0,[],"['P/B too high', 'too much leverage']",
ASRNL.AS,deep_value,Deep Value,False,0.5,['EV/EBITDA=-8.3'],['P/B not below 1.0'],
ASRNL.AS,earnings_yield,Earnings Yield,False,0.254,['E/P=3.0% (P/E=32.8)'],['earnings yield 3.0% below 8%'],
ASRNL.AS,fcf_yield,FCF Yield,True,0.676,['FCF yield=6.8%'],[],
ASRNL.AS,low_pe_high_yield,Low P/E + High Yield,False,0.5,['yield=481.0%'],['P/E not below 12.0'],
ASRNL.AS,lynch_peg,Lynch PEG,False,0.2,[],['missing or negative earnings growth'],
ASRNL.AS,neff_pegy,Neff PEGY,True,0.9222,"['PEGY=0.08', 'growth=-59.4%', 'yield=481.0%']",[],
ASRNL.AS,quality_value,Quality Value,False,0.2,['FCF yield >= 3%: FCF yield=6.8%'],"['ROE below 12%', 'thin margins', 'high leverage', 'P/E >= 20']",
ASRNL.AS,buffett_quality,Buffett Quality,False,0.0,[],"['ROE too low', 'too much debt', 'thin margins', 'P/E too high']",
ASRNL.AS,economic_moat,Economic Moat,False,0.0,[],"['ROE below 18%', 'ROA below 8%', 'margins below 12%', 'leverage too high']",
ASRNL.AS,high_dividend,High Dividend Yield,True,0.875,"['yield=481.0%', 'universe rank 88%']",[],
ASRNL.AS,dividend_growth,Dividend Growth,False,0.3333,['dividend payer: yield=481.0%'],"['earnings not growing', 'P/E out of range']",
ASRNL.AS,magic_formula,Magic Formula,False,0.0,[],['missing EBIT/EV or ROIC inputs'],
ASRNL.AS,acquirers_multiple,Acquirer's Multiple,True,0.9545,"['EV/EBIT=-8.4', 'universe rank 95%']",[],
ASRNL.AS,dreman_contrarian,Dreman Contrarian,False,0.6417,"['low P/B rank 80%', 'dividend rank 88%']",['P/E not in bottom quartile'],
ASRNL.AS,piotroski_f,Piotroski F-Score,False,0.3333,"['F-Score=3/9', 'positive net income', 'leverage declining', 'no share dilution']","['F-Score 3/9 below 7', 'positive operating cash flow', 'ROA improving', 'OCF > net income', 'current ratio improving', 'gross margin improving', 'asset turnover improving']","{'f_score': 3, 'max_score': 9, 'components': [{'name': 'positive net income', 'passed': True}, {'name': 'positive operating cash flow', 'passed': False}, {'name': 'ROA improving', 'passed': False}, {'name': 'OCF > net income', 'passed': False}, {'name': 'leverage declining', 'passed': True}, {'name': 'current ratio improving', 'passed': False}, {'name': 'no share dilution', 'passed': True}, {'name': 'gross margin improving', 'passed': False}, {'name': 'asset turnover improving', 'passed': False}]}"
ASRNL.AS,composite_value,Composite Value,False,0.5733,['top-tier on ev_ebitda (percentile 100%)'],[],
ASRNL.AS,earnings_quality,Earnings Quality,False,0.6667,"['FCF/NI=1.81', 'ratio=0.79%']",['operating cash below earnings'],
ASRNL.AS,financial_health,Financial Health,False,0.4,"['leverage=6.3%', 'ratio=-10.5']","['high debt to equity', 'weak liquidity', 'weak interest coverage']",
BESI.AS,graham_defensive,Graham Defensive,False,0.5,"['Current ratio >= 2: CR=4.28', 'Dividend payer: yield=80.00%']","['P/E >= 15', 'valuation too rich on P/B or P/E×P/B']",
BESI.AS,graham_enterprising,Graham Enterprising,False,0.6,"['Debt/equity < 100%: D/E=62%', 'ROE > 8%: ROE=44.9%', 'Positive earnings growth: growth=178.0%']","['P/E >= 25', 'P/B >= 3']",
BESI.AS,graham_net_net,Graham Net-Net,False,0.0,[],['missing NCAV (balance sheet data)'],
BESI.AS,schloss,Schloss Low P/B,False,0.0,[],"['P/B too high', 'too much leverage']",
BESI.AS,deep_value,Deep Value,False,0.0,[],"['P/B not below 1.0', 'EV/EBITDA not below 8']",
BESI.AS,earnings_yield,Earnings Yield,False,0.1101,['E/P=1.3% (P/E=75.7)'],['earnings yield 1.3% below 8%'],
BESI.AS,fcf_yield,FCF Yield,False,0.1097,['FCF yield=1.1%'],['FCF yield 1.1% below 5%'],
BESI.AS,low_pe_high_yield,Low P/E + High Yield,False,0.5,['yield=80.0%'],['P/E not below 12.0'],
BESI.AS,lynch_peg,Lynch PEG,True,0.5749,"['PEG=0.43', 'growth=178.0%']",[],
BESI.AS,neff_pegy,Neff PEGY,True,0.7067,"['PEGY=0.29', 'growth=178.0%', 'yield=80.0%']",[],
BESI.AS,quality_value,Quality Value,False,0.6,"['ROE >= 12%: ROE=44.9%', 'Profit margin >= 5%: margin=28.4%', 'Debt/equity < 80%: D/E=62%']","['P/E >= 20', 'FCF yield below 3%']",
BESI.AS,buffett_quality,Buffett Quality,False,0.5,"['ROE >= 15%: ROE=44.9%', 'margin >= 8%: margin=28.4%']","['too much debt', 'P/E too high']",
BESI.AS,economic_moat,Economic Moat,True,0.75,"['high ROE=44.9%', 'solid ROA=11.8%', 'wide margin=28.4%']",['leverage too high'],
BESI.AS,high_dividend,High Dividend Yield,False,0.1667,"['yield=80.0%', 'universe rank 17%']",['not in top quartile for yield'],
BESI.AS,dividend_growth,Dividend Growth,True,0.6667,"['dividend payer: yield=80.0%', 'earnings growth: growth=178.0%']",['P/E out of range'],
BESI.AS,magic_formula,Magic Formula,False,0.3577,['ROIC rank 58%'],['below top half on combined Magic Formula rank'],
BESI.AS,acquirers_multiple,Acquirer's Multiple,False,0.0909,"['EV/EBIT=91.7', 'universe rank 9%']","['EV/EBIT 91.7 above 12.0', 'not in top 40% cheapest on EV/EBIT']",
BESI.AS,dreman_contrarian,Dreman Contrarian,False,0.11,[],"['P/E not in bottom quartile', 'P/B not cheap vs universe', 'dividend yield below median']",
BESI.AS,piotroski_f,Piotroski F-Score,False,0.5556,"['F-Score=5/9', 'positive net income', 'positive operating cash flow', 'OCF > net income', 'no share dilution', 'asset turnover improving']","['F-Score 5/9 below 7', 'ROA improving', 'leverage declining', 'current ratio improving', 'gross margin improving']","{'f_score': 5, 'max_score': 9, 'components': [{'name': 'positive net income', 'passed': True}, {'name': 'positive operating cash flow', 'passed': True}, {'name': 'ROA improving', 'passed': False}, {'name': 'OCF > net income', 'passed': True}, {'name': 'leverage declining', 'passed': False}, {'name': 'current ratio improving', 'passed': False}, {'name': 'no share dilution', 'passed': True}, {'name': 'gross margin improving', 'passed': False}, {'name': 'asset turnover improving', 'passed': True}]}"
BESI.AS,composite_value,Composite Value,False,0.3333,[],[],
BESI.AS,earnings_quality,Earnings Quality,True,1.0,"['FCF/NI=1.31', 'OCF/NI=1.35', 'ratio=-4.18%']",[],
BESI.AS,financial_health,Financial Health,True,1.0,"['D/E=62%', 'leverage=46.8%', 'CR=5.55', 'ratio=-0.5', 'coverage=6.9x']",[],
DSFIR.AS,graham_defensive,Graham Defensive,False,0.5,"['P/B < 1.5 or P/E×P/B < 22.5: P/B=1.31', 'Dividend payer: yield=268.00%']","['P/E >= 15', 'current ratio < 2']",
DSFIR.AS,graham_enterprising,Graham Enterprising,False,0.4,"['P/B < 3: P/B=1.31', 'Debt/equity < 100%: D/E=38%']","['P/E >= 25', 'ROE <= 8%', 'negative earnings growth']",
DSFIR.AS,graham_net_net,Graham Net-Net,False,0.0,[],['missing NCAV (balance sheet data)'],
DSFIR.AS,schloss,Schloss Low P/B,False,0.5,['D/E < 50.0%: D/E=38%'],['P/B too high'],
DSFIR.AS,deep_value,Deep Value,False,0.0,[],"['P/B not below 1.0', 'EV/EBITDA not below 8']",
DSFIR.AS,earnings_yield,Earnings Yield,False,0.1249,['E/P=1.5% (P/E=66.7)'],['earnings yield 1.5% below 8%'],
DSFIR.AS,fcf_yield,FCF Yield,False,0.0,['FCF yield=-0.6%'],['FCF yield -0.6% below 5%'],
DSFIR.AS,low_pe_high_yield,Low P/E + High Yield,False,0.5,['yield=268.0%'],['P/E not below 12.0'],
DSFIR.AS,lynch_peg,Lynch PEG,False,0.2,[],['missing or negative earnings growth'],
DSFIR.AS,neff_pegy,Neff PEGY,True,0.6851,"['PEGY=0.31', 'growth=-56.2%', 'yield=268.0%']",[],
DSFIR.AS,quality_value,Quality Value,False,0.2,['Debt/equity < 80%: D/E=38%'],"['ROE below 12%', 'thin margins', 'P/E >= 20', 'FCF yield below 3%']",
DSFIR.AS,buffett_quality,Buffett Quality,False,0.25,['D/E < 60.0%: D/E=38%'],"['ROE too low', 'thin margins', 'P/E too high']",
DSFIR.AS,economic_moat,Economic Moat,False,0.25,['low leverage D/E=38%'],"['ROE below 18%', 'ROA below 8%', 'margins below 12%']",
DSFIR.AS,high_dividend,High Dividend Yield,False,0.375,"['yield=268.0%', 'universe rank 38%']",['not in top quartile for yield'],
DSFIR.AS,dividend_growth,Dividend Growth,False,0.3333,['dividend payer: yield=268.0%'],"['earnings not growing', 'P/E out of range']",
DSFIR.AS,magic_formula,Magic Formula,False,0.1663,[],['below top half on combined Magic Formula rank'],
DSFIR.AS,acquirers_multiple,Acquirer's Multiple,False,0.1818,"['EV/EBIT=44.3', 'universe rank 18%']","['EV/EBIT 44.3 above 12.0', 'not in top 40% cheapest on EV/EBIT']",
DSFIR.AS,dreman_contrarian,Dreman Contrarian,False,0.4467,['low P/B rank 84%'],"['P/E not in bottom quartile', 'dividend yield below median']",
DSFIR.AS,piotroski_f,Piotroski F-Score,False,0.4444,"['F-Score=4/9', 'positive operating cash flow', 'OCF > net income', 'no share dilution', 'asset turnover improving']","['F-Score 4/9 below 7', 'positive net income', 'ROA improving', 'leverage declining', 'current ratio improving', 'gross margin improving']","{'f_score': 4, 'max_score': 9, 'components': [{'name': 'positive net income', 'passed': False}, {'name': 'positive operating cash flow', 'passed': True}, {'name': 'ROA improving', 'passed': False}, {'name': 'OCF > net income', 'passed': True}, {'name': 'leverage declining', 'passed': False}, {'name': 'current ratio improving', 'passed': False}, {'name': 'no share dilution', 'passed': True}, {'name': 'gross margin improving', 'passed': False}, {'name': 'asset turnover improving', 'passed': True}]}"
DSFIR.AS,composite_value,Composite Value,False,0.4,['top-tier on price_to_book (percentile 75%)'],[],
DSFIR.AS,earnings_quality,Earnings Quality,False,0.5,['ratio=-8.61%'],['negative net income'],
DSFIR.AS,financial_health,Financial Health,True,1.0,"['D/E=38%', 'leverage=18.0%', 'CR=1.59', 'ratio=3.4', 'coverage=4.0x']",[],
EXO.AS,graham_defensive,Graham Defensive,False,0.75,"['P/B < 1.5 or P/E×P/B < 22.5: P/B=0.42', 'Current ratio >= 2: CR=4.28', 'Dividend payer: yield=71.00%']",['no positive trailing P/E'],
EXO.AS,graham_enterprising,Graham Enterprising,False,0.4,"['P/B < 3: P/B=0.42', 'Debt/equity < 100%: D/E=11%']","['missing P/E', 'ROE <= 8%', 'negative earnings growth']",
EXO.AS,graham_net_net,Graham Net-Net,False,0.0,[],['missing NCAV (balance sheet data)'],
EXO.AS,schloss,Schloss Low P/B,True,1.0,"['P/B < 1.2: P/B=0.42', 'D/E < 50.0%: D/E=11%']",[],
EXO.AS,deep_value,Deep Value,False,0.5,['P/B=0.42'],['EV/EBITDA not below 8'],
EXO.AS,earnings_yield,Earnings Yield,False,1.0,['E/P=nan% (P/E=nan)'],['earnings yield nan% below 8%'],
EXO.AS,fcf_yield,FCF Yield,False,0.0,['FCF yield=-9.1%'],['FCF yield -9.1% below 5%'],
EXO.AS,low_pe_high_yield,Low P/E + High Yield,False,0.5,['yield=71.0%'],['P/E not below 12.0'],
EXO.AS,lynch_peg,Lynch PEG,False,0.0,"['PEG=nan', 'growth=nan%']",[],
EXO.AS,neff_pegy,Neff PEGY,False,0.0,"['PEGY=nan', 'growth=nan%', 'yield=71.0%']",['PEGY nan >= 1.0'],
EXO.AS,quality_value,Quality Value,False,0.2,['Debt/equity < 80%: D/E=11%'],"['ROE below 12%', 'thin margins', 'missing P/E', 'FCF yield below 3%']",
EXO.AS,buffett_quality,Buffett Quality,False,0.25,['D/E < 60.0%: D/E=11%'],"['ROE too low', 'thin margins', 'missing P/E']",
EXO.AS,economic_moat,Economic Moat,False,0.25,['low leverage D/E=11%'],"['ROE below 18%', 'ROA below 8%', 'margins below 12%']",
EXO.AS,high_dividend,High Dividend Yield,False,0.125,"['yield=71.0%', 'universe rank 12%']","['not in top quartile for yield', 'no positive earnings']",
EXO.AS,dividend_growth,Dividend Growth,False,0.3333,['dividend payer: yield=71.0%'],"['earnings not growing', 'P/E out of range']",
EXO.AS,magic_formula,Magic Formula,False,0.0,[],['missing EBIT/EV or ROIC inputs'],
EXO.AS,acquirers_multiple,Acquirer's Multiple,False,0.0,[],['could not rank EV/EBIT'],
EXO.AS,dreman_contrarian,Dreman Contrarian,False,0.5625,['low P/B rank 100%'],['dividend yield below median'],
EXO.AS,piotroski_f,Piotroski F-Score,False,0.3333,"['F-Score=3/9', 'positive operating cash flow', 'OCF > net income', 'no share dilution']","['F-Score 3/9 below 7', 'positive net income', 'ROA improving', 'leverage declining', 'current ratio improving', 'gross margin improving', 'asset turnover improving']","{'f_score': 3, 'max_score': 9, 'components': [{'name': 'positive net income', 'passed': False}, {'name': 'positive operating cash flow', 'passed': True}, {'name': 'ROA improving', 'passed': False}, {'name': 'OCF > net income', 'passed': True}, {'name': 'leverage declining', 'passed': False}, {'name': 'current ratio improving', 'passed': False}, {'name': 'no share dilution', 'passed': True}, {'name': 'gross margin improving', 'passed': False}, {'name': 'asset turnover improving', 'passed': False}]}"
EXO.AS,composite_value,Composite Value,False,0.3333,['top-tier on price_to_book (percentile 100%)'],"['missing trailing_pe', 'missing ev_ebitda']",
EXO.AS,earnings_quality,Earnings Quality,False,0.5,['ratio=-17.93%'],['negative net income'],
EXO.AS,financial_health,Financial Health,False,0.6,"['D/E=11%', 'leverage=9.9%', 'insufficient data — skipped']","['weak liquidity', 'weak interest coverage']",
HEIA.AS,graham_defensive,Graham Defensive,False,0.25,['Dividend payer: yield=242.00%'],"['P/E >= 15', 'valuation too rich on P/B or P/E×P/B', 'current ratio < 2']",
HEIA.AS,graham_enterprising,Graham Enterprising,True,1.0,"['P/E < 25: P/E=23.2', 'P/B < 3: P/B=2.43', 'Debt/equity < 100%: D/E=94%', 'ROE > 8%: ROE=9.9%', 'Positive earnings growth: growth=7.5%']",[],
HEIA.AS,graham_net_net,Graham Net-Net,False,0.0,[],['missing NCAV (balance sheet data)'],
HEIA.AS,schloss,Schloss Low P/B,False,0.0,[],"['P/B too high', 'too much leverage']",
HEIA.AS,deep_value,Deep Value,False,0.0,[],"['P/B not below 1.0', 'EV/EBITDA not below 8']",
HEIA.AS,earnings_yield,Earnings Yield,False,0.3586,['E/P=4.3% (P/E=23.2)'],['earnings yield 4.3% below 8%'],
HEIA.AS,fcf_yield,FCF Yield,False,0.4902,['FCF yield=4.9%'],['FCF yield 4.9% below 5%'],
HEIA.AS,low_pe_high_yield,Low P/E + High Yield,False,0.5,['yield=242.0%'],['P/E not below 12.0'],
HEIA.AS,lynch_peg,Lynch PEG,False,0.0,"['PEG=3.10', 'growth=7.5%']",['PEG 3.10 >= 1.0'],
HEIA.AS,neff_pegy,Neff PEGY,True,0.9069,"['PEGY=0.09', 'growth=7.5%', 'yield=242.0%']",[],
HEIA.AS,quality_value,Quality Value,False,0.4,"['Profit margin >= 5%: margin=6.6%', 'FCF yield >= 3%: FCF yield=4.9%']","['ROE below 12%', 'high leverage', 'P/E >= 20']",
HEIA.AS,buffett_quality,Buffett Quality,False,0.25,['P/E < 25.0: P/E=23.2'],"['ROE too low', 'too much debt', 'thin margins']",
HEIA.AS,economic_moat,Economic Moat,False,0.0,[],"['ROE below 18%', 'ROA below 8%', 'margins below 12%', 'leverage too high']",
HEIA.AS,high_dividend,High Dividend Yield,False,0.2917,"['yield=242.0%', 'universe rank 29%']",['not in top quartile for yield'],
HEIA.AS,dividend_growth,Dividend Growth,True,1.0,"['dividend payer: yield=242.0%', 'earnings growth: growth=7.5%', 'reasonable P/E: P/E=23.2']",[],
HEIA.AS,magic_formula,Magic Formula,False,0.3553,['earnings yield rank 50%'],['below top half on combined Magic Formula rank'],
HEIA.AS,acquirers_multiple,Acquirer's Multiple,False,0.4545,"['EV/EBIT=18.3', 'universe rank 45%']","['EV/EBIT 18.3 above 12.0', 'not in top 40% cheapest on EV/EBIT']",
HEIA.AS,dreman_contrarian,Dreman Contrarian,False,0.3828,[],"['P/E not in bottom quartile', 'P/B not cheap vs universe', 'dividend yield below median']",
HEIA.AS,piotroski_f,Piotroski F-Score,True,0.7778,"['F-Score=7/9', 'positive net income', 'positive operating cash flow', 'ROA improving', 'OCF > net income', 'current ratio improving', 'no share dilution', 'gross margin improving']","['leverage declining', 'asset turnover improving']","{'f_score': 7, 'max_score': 9, 'components': [{'name': 'positive net income', 'passed': True}, {'name': 'positive operating cash flow', 'passed': True}, {'name': 'ROA improving', 'passed': True}, {'name': 'OCF > net income', 'passed': True}, {'name': 'leverage declining', 'passed': False}, {'name': 'current ratio improving', 'passed': True}, {'name': 'no share dilution', 'passed': True}, {'name': 'gross margin improving', 'passed': True}, {'name': 'asset turnover improving', 'passed': False}]}"
HEIA.AS,composite_value,Composite Value,False,0.3167,[],[],
HEIA.AS,earnings_quality,Earnings Quality,True,1.0,"['FCF/NI=1.13', 'OCF/NI=2.66', 'ratio=-5.82%']",[],
HEIA.AS,financial_health,Financial Health,False,0.6,"['leverage=35.9%', 'ratio=2.6', 'coverage=5.2x']","['high debt to equity', 'weak liquidity']",
IMCD.AS,graham_defensive,Graham Defensive,False,0.25,['Dividend payer: yield=191.00%'],"['P/E >= 15', 'valuation too rich on P/B or P/E×P/B', 'current ratio < 2']",
IMCD.AS,graham_enterprising,Graham Enterprising,True,1.0,"['P/E < 25: P/E=24.4', 'P/B < 3: P/B=2.74', 'Debt/equity < 100%: D/E=85%', 'ROE > 8%: ROE=11.2%', 'Positive earnings growth: growth=10.0%']",[],
IMCD.AS,graham_net_net,Graham Net-Net,False,0.0,[],['missing NCAV (balance sheet data)'],
IMCD.AS,schloss,Schloss Low P/B,False,0.0,[],"['P/B too high', 'too much leverage']",
IMCD.AS,deep_value,Deep Value,False,0.0,[],"['P/B not below 1.0', 'EV/EBITDA not below 8']",
IMCD.AS,earnings_yield,Earnings Yield,False,0.342,['E/P=4.1% (P/E=24.4)'],['earnings yield 4.1% below 8%'],
IMCD.AS,fcf_yield,FCF Yield,False,0.477,['FCF yield=4.8%'],['FCF yield 4.8% below 5%'],
IMCD.AS,low_pe_high_yield,Low P/E + High Yield,False,0.5,['yield=191.0%'],['P/E not below 12.0'],
IMCD.AS,lynch_peg,Lynch PEG,False,0.0,"['PEG=2.44', 'growth=10.0%']",['PEG 2.44 >= 1.0'],
IMCD.AS,neff_pegy,Neff PEGY,True,0.8788,"['PEGY=0.12', 'growth=10.0%', 'yield=191.0%']",[],
IMCD.AS,quality_value,Quality Value,False,0.2,['FCF yield >= 3%: FCF yield=4.8%'],"['ROE below 12%', 'thin margins', 'high leverage', 'P/E >= 20']",
IMCD.AS,buffett_quality,Buffett Quality,False,0.25,['P/E < 25.0: P/E=24.4'],"['ROE too low', 'too much debt', 'thin margins']",
IMCD.AS,economic_moat,Economic Moat,False,0.0,[],"['ROE below 18%', 'ROA below 8%', 'margins below 12%', 'leverage too high']",
IMCD.AS,high_dividend,High Dividend Yield,False,0.25,"['yield=191.0%', 'universe rank 25%']",['not in top quartile for yield'],
IMCD.AS,dividend_growth,Dividend Growth,True,1.0,"['dividend payer: yield=191.0%', 'earnings growth: growth=10.0%', 'reasonable P/E: P/E=24.4']",[],
IMCD.AS,magic_formula,Magic Formula,False,0.4151,[],['below top half on combined Magic Formula rank'],
IMCD.AS,acquirers_multiple,Acquirer's Multiple,False,0.3636,"['EV/EBIT=19.3', 'universe rank 36%']","['EV/EBIT 19.3 above 12.0', 'not in top 40% cheapest on EV/EBIT']",
IMCD.AS,dreman_contrarian,Dreman Contrarian,False,0.3417,[],"['P/E not in bottom quartile', 'P/B not cheap vs universe', 'dividend yield below median']",
IMCD.AS,piotroski_f,Piotroski F-Score,False,0.5556,"['F-Score=5/9', 'positive net income', 'positive operating cash flow', 'OCF > net income', 'no share dilution', 'asset turnover improving']","['F-Score 5/9 below 7', 'ROA improving', 'leverage declining', 'current ratio improving', 'gross margin improving']","{'f_score': 5, 'max_score': 9, 'components': [{'name': 'positive net income', 'passed': True}, {'name': 'positive operating cash flow', 'passed': True}, {'name': 'ROA improving', 'passed': False}, {'name': 'OCF > net income', 'passed': True}, {'name': 'leverage declining', 'passed': False}, {'name': 'current ratio improving', 'passed': False}, {'name': 'no share dilution', 'passed': True}, {'name': 'gross margin improving', 'passed': False}, {'name': 'asset turnover improving', 'passed': True}]}"
IMCD.AS,composite_value,Composite Value,False,0.4625,['top-tier on trailing_pe (percentile 75%)'],[],
IMCD.AS,earnings_quality,Earnings Quality,True,1.0,"['FCF/NI=1.23', 'OCF/NI=1.48', 'ratio=-2.26%']",[],
IMCD.AS,financial_health,Financial Health,False,0.8,"['leverage=37.1%', 'CR=1.73', 'ratio=3.0', 'coverage=5.3x']",['high debt to equity'],
INGA.AS,graham_defensive,Graham Defensive,False,0.5,"['P/E < 15: P/E=13.2', 'Dividend payer: yield=373.00%']","['valuation too rich on P/B or P/E×P/B', 'current ratio < 2']",
INGA.AS,graham_enterprising,Graham Enterprising,True,0.8,"['P/E < 25: P/E=13.2', 'P/B < 3: P/B=1.72', 'ROE > 8%: ROE=17.1%', 'Positive earnings growth: growth=22.1%']",['excessive leverage'],
INGA.AS,graham_net_net,Graham Net-Net,False,0.0,[],['missing NCAV (balance sheet data)'],
INGA.AS,schloss,Schloss Low P/B,False,0.0,[],"['P/B too high', 'too much leverage']",
INGA.AS,deep_value,Deep Value,False,0.0,[],"['P/B not below 1.0', 'EV/EBITDA not below 8']",
INGA.AS,earnings_yield,Earnings Yield,False,0.6324,['E/P=7.6% (P/E=13.2)'],['earnings yield 7.6% below 8%'],
INGA.AS,fcf_yield,FCF Yield,False,1.0,['FCF yield=nan%'],['FCF yield nan% below 5%'],
INGA.AS,low_pe_high_yield,Low P/E + High Yield,False,0.5,['yield=373.0%'],['P/E not below 12.0'],
INGA.AS,lynch_peg,Lynch PEG,True,0.4037,"['PEG=0.60', 'growth=22.1%']",[],
INGA.AS,neff_pegy,Neff PEGY,True,0.9666,"['PEGY=0.03', 'growth=22.1%', 'yield=373.0%']",[],
INGA.AS,quality_value,Quality Value,False,0.6,"['ROE >= 12%: ROE=17.1%', 'Profit margin >= 5%: margin=34.5%', 'P/E < 20: P/E=13.2']","['high leverage', 'FCF yield below 3%']",
INGA.AS,buffett_quality,Buffett Quality,True,0.75,"['ROE >= 15%: ROE=17.1%', 'margin >= 8%: margin=34.5%', 'P/E < 25.0: P/E=13.2']",['too much debt'],
INGA.AS,economic_moat,Economic Moat,False,0.25,['wide margin=34.5%'],"['ROE below 18%', 'ROA below 8%', 'leverage too high']",
INGA.AS,high_dividend,High Dividend Yield,False,0.625,"['yield=373.0%', 'universe rank 62%']",['not in top quartile for yield'],
INGA.AS,dividend_growth,Dividend Growth,True,1.0,"['dividend payer: yield=373.0%', 'earnings growth: growth=22.1%', 'reasonable P/E: P/E=13.2']",[],
INGA.AS,magic_formula,Magic Formula,False,0.0,[],['missing EBIT/EV or ROIC inputs'],
INGA.AS,acquirers_multiple,Acquirer's Multiple,False,0.0,[],['could not rank EV/EBIT'],
INGA.AS,dreman_contrarian,Dreman Contrarian,True,0.7133,"['low P/E rank 88%', 'low P/B rank 64%', 'dividend rank 62%']",[],
INGA.AS,piotroski_f,Piotroski F-Score,False,0.2222,"['F-Score=2/9', 'positive net income', 'no share dilution']","['F-Score 2/9 below 7', 'positive operating cash flow', 'ROA improving', 'OCF > net income', 'leverage declining', 'current ratio improving', 'gross margin improving', 'asset turnover improving']","{'f_score': 2, 'max_score': 9, 'components': [{'name': 'positive net income', 'passed': True}, {'name': 'positive operating cash flow', 'passed': False}, {'name': 'ROA improving', 'passed': False}, {'name': 'OCF > net income', 'passed': False}, {'name': 'leverage declining', 'passed': False}, {'name': 'current ratio improving', 'passed': False}, {'name': 'no share dilution', 'passed': True}, {'name': 'gross margin improving', 'passed': False}, {'name': 'asset turnover improving', 'passed': False}]}"
INGA.AS,composite_value,Composite Value,False,0.5077,['top-tier on trailing_pe (percentile 100%)'],"['missing fcf_yield', 'missing ev_ebitda']",
INGA.AS,earnings_quality,Earnings Quality,False,0.3333,['ratio=1.21%'],"['weak free-cash conversion', 'operating cash below earnings']",
INGA.AS,financial_health,Financial Health,False,0.4,"['leverage=17.0%', 'insufficient data — skipped']","['high debt to equity', 'weak liquidity', 'weak interest coverage']",
KPN.AS,graham_defensive,Graham Defensive,False,0.25,['Dividend payer: yield=460.00%'],"['P/E >= 15', 'valuation too rich on P/B or P/E×P/B', 'current ratio < 2']",
KPN.AS,graham_enterprising,Graham Enterprising,False,0.4,"['P/E < 25: P/E=18.7', 'ROE > 8%: ROE=26.1%']","['P/B >= 3', 'excessive leverage', 'negative earnings growth']",
KPN.AS,graham_net_net,Graham Net-Net,False,0.0,[],['missing NCAV (balance sheet data)'],
KPN.AS,schloss,Schloss Low P/B,False,0.0,[],"['P/B too high', 'too much leverage']",
KPN.AS,deep_value,Deep Value,False,0.0,[],"['P/B not below 1.0', 'EV/EBITDA not below 8']",
KPN.AS,earnings_yield,Earnings Yield,False,0.446,['E/P=5.4% (P/E=18.7)'],['earnings yield 5.4% below 8%'],
KPN.AS,fcf_yield,FCF Yield,True,0.504,['FCF yield=5.0%'],[],
KPN.AS,low_pe_high_yield,Low P/E + High Yield,False,0.5,['yield=460.0%'],['P/E not below 12.0'],
KPN.AS,lynch_peg,Lynch PEG,False,0.2,[],['missing or negative earnings growth'],
KPN.AS,neff_pegy,Neff PEGY,True,0.9594,"['PEGY=0.04', 'growth=0.0%', 'yield=460.0%']",[],
KPN.AS,quality_value,Quality Value,True,0.8,"['ROE >= 12%: ROE=26.1%', 'Profit margin >= 5%: margin=15.2%', 'P/E < 20: P/E=18.7', 'FCF yield >= 3%: FCF yield=5.0%']",['high leverage'],
KPN.AS,buffett_quality,Buffett Quality,True,0.75,"['ROE >= 15%: ROE=26.1%', 'margin >= 8%: margin=15.2%', 'P/E < 25.0: P/E=18.7']",['too much debt'],
KPN.AS,economic_moat,Economic Moat,False,0.5,"['high ROE=26.1%', 'wide margin=15.2%']","['ROA below 8%', 'leverage too high']",
KPN.AS,high_dividend,High Dividend Yield,True,0.7917,"['yield=460.0%', 'universe rank 79%']",[],
KPN.AS,dividend_growth,Dividend Growth,True,0.6667,"['dividend payer: yield=460.0%', 'reasonable P/E: P/E=18.7']",['earnings not growing'],
KPN.AS,magic_formula,Magic Formula,True,0.5586,"['earnings yield rank 59%', 'ROIC rank 53%']",[],
KPN.AS,acquirers_multiple,Acquirer's Multiple,False,0.5455,"['EV/EBIT=15.6', 'universe rank 55%']","['EV/EBIT 15.6 above 12.0', 'not in top 40% cheapest on EV/EBIT']",
KPN.AS,dreman_contrarian,Dreman Contrarian,False,0.5794,['dividend rank 79%'],"['P/E not in bottom quartile', 'P/B not cheap vs universe']",
KPN.AS,piotroski_f,Piotroski F-Score,True,0.7778,"['F-Score=7/9', 'positive net income', 'positive operating cash flow', 'OCF > net income', 'leverage declining', 'current ratio improving', 'no share dilution', 'asset turnover improving']","['ROA improving', 'gross margin improving']","{'f_score': 7, 'max_score': 9, 'components': [{'name': 'positive net income', 'passed': True}, {'name': 'positive operating cash flow', 'passed': True}, {'name': 'ROA improving', 'passed': False}, {'name': 'OCF > net income', 'passed': True}, {'name': 'leverage declining', 'passed': True}, {'name': 'current ratio improving', 'passed': True}, {'name': 'no share dilution', 'passed': True}, {'name': 'gross margin improving', 'passed': False}, {'name': 'asset turnover improving', 'passed': True}]}"
KPN.AS,composite_value,Composite Value,False,0.6155,"['top-tier on dividend_yield (percentile 79%)', 'top-tier on ev_ebitda (percentile 81%)']",[],
KPN.AS,earnings_quality,Earnings Quality,True,1.0,"['FCF/NI=0.93', 'OCF/NI=2.70', 'ratio=-11.44%']",[],
KPN.AS,financial_health,Financial Health,False,0.4,"['ratio=2.9', 'coverage=5.4x']","['high debt to equity', 'high leverage', 'weak liquidity']",
NN.AS,graham_defensive,Graham Defensive,False,0.75,"['P/B < 1.5 or P/E×P/B < 22.5: P/B=1.02', 'Current ratio >= 2: CR=11.76', 'Dividend payer: yield=475.00%']",['P/E >= 15'],
NN.AS,graham_enterprising,Graham Enterprising,False,0.6,"['P/E < 25: P/E=19.6', 'P/B < 3: P/B=1.02', 'Debt/equity < 100%: D/E=65%']","['ROE <= 8%', 'negative earnings growth']",
NN.AS,graham_net_net,Graham Net-Net,False,0.0,[],['missing NCAV (balance sheet data)'],
NN.AS,schloss,Schloss Low P/B,False,0.5,['P/B < 1.2: P/B=1.02'],['too much leverage'],
NN.AS,deep_value,Deep Value,False,0.5,['EV/EBITDA=-5.0'],['P/B not below 1.0'],
NN.AS,earnings_yield,Earnings Yield,False,0.4259,['E/P=5.1% (P/E=19.6)'],['earnings yield 5.1% below 8%'],
NN.AS,fcf_yield,FCF Yield,False,0.0,['FCF yield=-2.6%'],['FCF yield -2.6% below 5%'],
NN.AS,low_pe_high_yield,Low P/E + High Yield,False,0.5,['yield=475.0%'],['P/E not below 12.0'],
NN.AS,lynch_peg,Lynch PEG,False,0.2,[],['missing or negative earnings growth'],
NN.AS,neff_pegy,Neff PEGY,True,0.9574,"['PEGY=0.04', 'growth=-15.3%', 'yield=475.0%']",[],
NN.AS,quality_value,Quality Value,False,0.6,"['Profit margin >= 5%: margin=8.3%', 'Debt/equity < 80%: D/E=65%', 'P/E < 20: P/E=19.6']","['ROE below 12%', 'FCF yield below 3%']",
NN.AS,buffett_quality,Buffett Quality,False,0.5,"['margin >= 8%: margin=8.3%', 'P/E < 25.0: P/E=19.6']","['ROE too low', 'too much debt']",
NN.AS,economic_moat,Economic Moat,False,0.0,[],"['ROE below 18%', 'ROA below 8%', 'margins below 12%', 'leverage too high']",
NN.AS,high_dividend,High Dividend Yield,True,0.8333,"['yield=475.0%', 'universe rank 83%']",[],
NN.AS,dividend_growth,Dividend Growth,True,0.6667,"['dividend payer: yield=475.0%', 'reasonable P/E: P/E=19.6']",['earnings not growing'],
NN.AS,magic_formula,Magic Formula,False,0.0,[],['missing EBIT/EV or ROIC inputs'],
NN.AS,acquirers_multiple,Acquirer's Multiple,True,1.0,"['EV/EBIT=-10.3', 'universe rank 100%']",[],
NN.AS,dreman_contrarian,Dreman Contrarian,True,0.7928,"['low P/B rank 92%', 'dividend rank 83%']",['P/E not in bottom quartile'],
NN.AS,piotroski_f,Piotroski F-Score,False,0.2222,"['F-Score=2/9', 'positive net income', 'no share dilution']","['F-Score 2/9 below 7', 'positive operating cash flow', 'ROA improving', 'OCF > net income', 'leverage declining', 'current ratio improving', 'gross margin improving', 'asset turnover improving']","{'f_score': 2, 'max_score': 9, 'components': [{'name': 'positive net income', 'passed': True}, {'name': 'positive operating cash flow', 'passed': False}, {'name': 'ROA improving', 'passed': False}, {'name': 'OCF > net income', 'passed': False}, {'name': 'leverage declining', 'passed': False}, {'name': 'current ratio improving', 'passed': False}, {'name': 'no share dilution', 'passed': True}, {'name': 'gross margin improving', 'passed': False}, {'name': 'asset turnover improving', 'passed': False}]}"
NN.AS,composite_value,Composite Value,False,0.455,['top-tier on price_to_book (percentile 100%)'],[],
NN.AS,earnings_quality,Earnings Quality,False,0.3333,['ratio=1.72%'],"['weak free-cash conversion', 'operating cash below earnings']",
NN.AS,financial_health,Financial Health,False,0.6,"['D/E=65%', 'leverage=6.7%', 'ratio=-8.9']","['weak liquidity', 'weak interest coverage']",
PHIA.AS,graham_defensive,Graham Defensive,False,0.25,['Dividend payer: yield=374.00%'],"['P/E >= 15', 'valuation too rich on P/B or P/E×P/B', 'current ratio < 2']",
PHIA.AS,graham_enterprising,Graham Enterprising,True,1.0,"['P/E < 25: P/E=19.9', 'P/B < 3: P/B=1.94', 'Debt/equity < 100%: D/E=65%', 'ROE > 8%: ROE=10.2%', 'Positive earnings growth: growth=61.4%']",[],
PHIA.AS,graham_net_net,Graham Net-Net,False,0.0,[],['missing NCAV (balance sheet data)'],
PHIA.AS,schloss,Schloss Low P/B,False,0.0,[],"['P/B too high', 'too much leverage']",
PHIA.AS,deep_value,Deep Value,False,0.0,[],"['P/B not below 1.0', 'EV/EBITDA not below 8']",
PHIA.AS,earnings_yield,Earnings Yield,False,0.4178,['E/P=5.0% (P/E=19.9)'],['earnings yield 5.0% below 8%'],
PHIA.AS,fcf_yield,FCF Yield,True,0.6872,['FCF yield=6.9%'],[],
PHIA.AS,low_pe_high_yield,Low P/E + High Yield,False,0.5,['yield=374.0%'],['P/E not below 12.0'],
PHIA.AS,lynch_peg,Lynch PEG,True,0.6751,"['PEG=0.32', 'growth=61.4%']",[],
PHIA.AS,neff_pegy,Neff PEGY,True,0.9542,"['PEGY=0.05', 'growth=61.4%', 'yield=374.0%']",[],
PHIA.AS,quality_value,Quality Value,False,0.8,"['Profit margin >= 5%: margin=6.3%', 'Debt/equity < 80%: D/E=65%', 'P/E < 20: P/E=19.9', 'FCF yield >= 3%: FCF yield=6.9%']",['ROE below 12%'],
PHIA.AS,buffett_quality,Buffett Quality,False,0.25,['P/E < 25.0: P/E=19.9'],"['ROE too low', 'too much debt', 'thin margins']",
PHIA.AS,economic_moat,Economic Moat,False,0.0,[],"['ROE below 18%', 'ROA below 8%', 'margins below 12%', 'leverage too high']",
PHIA.AS,high_dividend,High Dividend Yield,False,0.6667,"['yield=374.0%', 'universe rank 67%']",['not in top quartile for yield'],
PHIA.AS,dividend_growth,Dividend Growth,True,1.0,"['dividend payer: yield=374.0%', 'earnings growth: growth=61.4%', 'reasonable P/E: P/E=19.9']",[],
PHIA.AS,magic_formula,Magic Formula,False,0.3062,[],['below top half on combined Magic Formula rank'],
PHIA.AS,acquirers_multiple,Acquirer's Multiple,False,0.4091,"['EV/EBIT=19.3', 'universe rank 41%']","['EV/EBIT 19.3 above 12.0', 'not in top 40% cheapest on EV/EBIT']",
PHIA.AS,dreman_contrarian,Dreman Contrarian,False,0.6033,['dividend rank 67%'],"['P/E not in bottom quartile', 'P/B not cheap vs universe']",
PHIA.AS,piotroski_f,Piotroski F-Score,True,0.7778,"['F-Score=7/9', 'positive net income', 'positive operating cash flow', 'ROA improving', 'OCF > net income', 'current ratio improving', 'gross margin improving', 'asset turnover improving']","['leverage declining', 'no share dilution']","{'f_score': 7, 'max_score': 9, 'components': [{'name': 'positive net income', 'passed': True}, {'name': 'positive operating cash flow', 'passed': True}, {'name': 'ROA improving', 'passed': True}, {'name': 'OCF > net income', 'passed': True}, {'name': 'leverage declining', 'passed': False}, {'name': 'current ratio improving', 'passed': True}, {'name': 'no share dilution', 'passed': False}, {'name': 'gross margin improving', 'passed': True}, {'name': 'asset turnover improving', 'passed': True}]}"
PHIA.AS,composite_value,Composite Value,False,0.6492,['top-tier on fcf_yield (percentile 83%)'],[],
PHIA.AS,earnings_quality,Earnings Quality,True,1.0,"['FCF/NI=1.71', 'OCF/NI=1.31', 'ratio=-1.03%']",[],
PHIA.AS,financial_health,Financial Health,True,1.0,"['D/E=65%', 'leverage=29.0%', 'CR=1.32', 'ratio=2.3', 'coverage=4.9x']",[],
PRX.AS,graham_defensive,Graham Defensive,True,1.0,"['P/E < 15: P/E=8.8', 'P/B < 1.5 or P/E×P/B < 22.5: P/B=1.82', 'Current ratio >= 2: CR=2.43', 'Dividend payer: yield=70.00%']",[],
PRX.AS,graham_enterprising,Graham Enterprising,True,0.8,"['P/E < 25: P/E=8.8', 'P/B < 3: P/B=1.82', 'Debt/equity < 100%: D/E=33%', 'ROE > 8%: ROE=22.2%']",['negative earnings growth'],
PRX.AS,graham_net_net,Graham Net-Net,False,0.0,[],['missing NCAV (balance sheet data)'],
PRX.AS,schloss,Schloss Low P/B,False,0.5,['D/E < 50.0%: D/E=33%'],['P/B too high'],
PRX.AS,deep_value,Deep Value,False,0.0,[],"['P/B not below 1.0', 'EV/EBITDA not below 8']",
PRX.AS,earnings_yield,Earnings Yield,True,0.9467,['E/P=11.4% (P/E=8.8)'],[],
PRX.AS,fcf_yield,FCF Yield,False,0.0994,['FCF yield=1.0%'],['FCF yield 1.0% below 5%'],
PRX.AS,low_pe_high_yield,Low P/E + High Yield,True,1.0,"['P/E=8.8', 'yield=70.0%']",[],
PRX.AS,lynch_peg,Lynch PEG,False,0.0,"['PEG=nan', 'growth=nan%']",[],
PRX.AS,neff_pegy,Neff PEGY,False,0.0,"['PEGY=nan', 'growth=nan%', 'yield=70.0%']",['PEGY nan >= 1.0'],
PRX.AS,quality_value,Quality Value,True,0.8,"['ROE >= 12%: ROE=22.2%', 'Profit margin >= 5%: margin=119.9%', 'Debt/equity < 80%: D/E=33%', 'P/E < 20: P/E=8.8']",['FCF yield below 3%'],
PRX.AS,buffett_quality,Buffett Quality,True,1.0,"['ROE >= 15%: ROE=22.2%', 'D/E < 60.0%: D/E=33%', 'margin >= 8%: margin=119.9%', 'P/E < 25.0: P/E=8.8']",[],
PRX.AS,economic_moat,Economic Moat,True,1.0,"['high ROE=22.2%', 'solid ROA=14.7%', 'wide margin=119.9%', 'low leverage D/E=33%']",[],
PRX.AS,high_dividend,High Dividend Yield,False,0.0833,"['yield=70.0%', 'universe rank 8%']",['not in top quartile for yield'],
PRX.AS,dividend_growth,Dividend Growth,True,0.6667,"['dividend payer: yield=70.0%', 'reasonable P/E: P/E=8.8']",['earnings not growing'],
PRX.AS,magic_formula,Magic Formula,False,0.0455,[],['below top half on combined Magic Formula rank'],
PRX.AS,acquirers_multiple,Acquirer's Multiple,False,0.0455,"['EV/EBIT=666.2', 'universe rank 5%']","['EV/EBIT 666.2 above 12.0', 'not in top 40% cheapest on EV/EBIT']",
PRX.AS,dreman_contrarian,Dreman Contrarian,True,0.5611,"['low P/E rank 100%', 'low P/B rank 60%']",['dividend yield below median'],
PRX.AS,piotroski_f,Piotroski F-Score,False,0.6667,"['F-Score=6/9', 'positive net income', 'positive operating cash flow', 'leverage declining', 'no share dilution', 'gross margin improving', 'asset turnover improving']","['F-Score 6/9 below 7', 'ROA improving', 'OCF > net income', 'current ratio improving']","{'f_score': 6, 'max_score': 9, 'components': [{'name': 'positive net income', 'passed': True}, {'name': 'positive operating cash flow', 'passed': True}, {'name': 'ROA improving', 'passed': False}, {'name': 'OCF > net income', 'passed': False}, {'name': 'leverage declining', 'passed': True}, {'name': 'current ratio improving', 'passed': False}, {'name': 'no share dilution', 'passed': True}, {'name': 'gross margin improving', 'passed': True}, {'name': 'asset turnover improving', 'passed': True}]}"
PRX.AS,composite_value,Composite Value,False,0.446,['top-tier on trailing_pe (percentile 100%)'],[],
PRX.AS,earnings_quality,Earnings Quality,False,0.0,[],"['weak free-cash conversion', 'operating cash below earnings', 'high accruals vs assets']",
PRX.AS,financial_health,Financial Health,True,0.8,"['D/E=33%', 'leverage=22.3%', 'CR=2.43', 'ratio=3.1']",['weak interest coverage'],
RAND.AS,graham_defensive,Graham Defensive,False,0.25,['Dividend payer: yield=444.00%'],"['P/E >= 15', 'valuation too rich on P/B or P/E×P/B', 'current ratio < 2']",
RAND.AS,graham_enterprising,Graham Enterprising,True,1.0,"['P/E < 25: P/E=20.5', 'P/B < 3: P/B=1.64', 'Debt/equity < 100%: D/E=53%', 'ROE > 8%: ROE=8.3%', 'Positive earnings growth: growth=81.9%']",[],
RAND.AS,graham_net_net,Graham Net-Net,False,0.0,[],['missing NCAV (balance sheet data)'],
RAND.AS,schloss,Schloss Low P/B,False,0.0,[],"['P/B too high', 'too much leverage']",
RAND.AS,deep_value,Deep Value,False,0.0,[],"['P/B not below 1.0', 'EV/EBITDA not below 8']",
RAND.AS,earnings_yield,Earnings Yield,False,0.4064,['E/P=4.9% (P/E=20.5)'],['earnings yield 4.9% below 8%'],
RAND.AS,fcf_yield,FCF Yield,True,0.5629,['FCF yield=5.6%'],[],
RAND.AS,low_pe_high_yield,Low P/E + High Yield,False,0.5,['yield=444.0%'],['P/E not below 12.0'],
RAND.AS,lynch_peg,Lynch PEG,True,0.7496,"['PEG=0.25', 'growth=81.9%']",[],
RAND.AS,neff_pegy,Neff PEGY,True,0.961,"['PEGY=0.04', 'growth=81.9%', 'yield=444.0%']",[],
RAND.AS,quality_value,Quality Value,False,0.4,"['Debt/equity < 80%: D/E=53%', 'FCF yield >= 3%: FCF yield=5.6%']","['ROE below 12%', 'thin margins', 'P/E >= 20']",
RAND.AS,buffett_quality,Buffett Quality,False,0.5,"['D/E < 60.0%: D/E=53%', 'P/E < 25.0: P/E=20.5']","['ROE too low', 'thin margins']",
RAND.AS,economic_moat,Economic Moat,False,0.0,[],"['ROE below 18%', 'ROA below 8%', 'margins below 12%', 'leverage too high']",
RAND.AS,high_dividend,High Dividend Yield,True,0.75,"['yield=444.0%', 'universe rank 75%']",[],
RAND.AS,dividend_growth,Dividend Growth,True,1.0,"['dividend payer: yield=444.0%', 'earnings growth: growth=81.9%', 'reasonable P/E: P/E=20.5']",[],
RAND.AS,magic_formula,Magic Formula,False,0.4952,['earnings yield rank 73%'],['below top half on combined Magic Formula rank'],
RAND.AS,acquirers_multiple,Acquirer's Multiple,False,0.6818,"['EV/EBIT=14.9', 'universe rank 68%']",['EV/EBIT 14.9 above 12.0'],
RAND.AS,dreman_contrarian,Dreman Contrarian,False,0.6706,"['low P/B rank 72%', 'dividend rank 75%']",['P/E not in bottom quartile'],
RAND.AS,piotroski_f,Piotroski F-Score,True,0.7778,"['F-Score=7/9', 'positive net income', 'positive operating cash flow', 'ROA improving', 'OCF > net income', 'leverage declining', 'no share dilution', 'asset turnover improving']","['current ratio improving', 'gross margin improving']","{'f_score': 7, 'max_score': 9, 'components': [{'name': 'positive net income', 'passed': True}, {'name': 'positive operating cash flow', 'passed': True}, {'name': 'ROA improving', 'passed': True}, {'name': 'OCF > net income', 'passed': True}, {'name': 'leverage declining', 'passed': True}, {'name': 'current ratio improving', 'passed': False}, {'name': 'no share dilution', 'passed': True}, {'name': 'gross margin improving', 'passed': False}, {'name': 'asset turnover improving', 'passed': True}]}"
RAND.AS,composite_value,Composite Value,True,0.6667,"['top-tier on price_to_book (percentile 75%)', 'top-tier on dividend_yield (percentile 75%)']",[],
RAND.AS,earnings_quality,Earnings Quality,True,1.0,"['FCF/NI=1.21', 'OCF/NI=2.92', 'ratio=-5.36%']",[],
RAND.AS,financial_health,Financial Health,True,1.0,"['D/E=53%', 'leverage=17.9%', 'CR=1.21', 'ratio=2.9', 'coverage=5.8x']",[],
REN.AS,graham_defensive,Graham Defensive,False,0.25,['Dividend payer: yield=261.00%'],"['P/E >= 15', 'valuation too rich on P/B or P/E×P/B', 'current ratio < 2']",
REN.AS,graham_enterprising,Graham Enterprising,False,0.6,"['P/E < 25: P/E=21.0', 'ROE > 8%: ROE=131.9%', 'Positive earnings growth: growth=24.3%']","['P/B >= 3', 'excessive leverage']",
REN.AS,graham_net_net,Graham Net-Net,False,0.0,[],['missing NCAV (balance sheet data)'],
REN.AS,schloss,Schloss Low P/B,False,0.0,[],"['P/B too high', 'too much leverage']",
REN.AS,deep_value,Deep Value,False,0.0,[],"['P/B not below 1.0', 'EV/EBITDA not below 8']",
REN.AS,earnings_yield,Earnings Yield,False,0.3973,['E/P=4.8% (P/E=21.0)'],['earnings yield 4.8% below 8%'],
REN.AS,fcf_yield,FCF Yield,False,0.4176,['FCF yield=4.2%'],['FCF yield 4.2% below 5%'],
REN.AS,low_pe_high_yield,Low P/E + High Yield,False,0.5,['yield=261.0%'],['P/E not below 12.0'],
REN.AS,lynch_peg,Lynch PEG,True,0.1369,"['PEG=0.86', 'growth=24.3%']",[],
REN.AS,neff_pegy,Neff PEGY,True,0.9265,"['PEGY=0.07', 'growth=24.3%', 'yield=261.0%']",[],
REN.AS,quality_value,Quality Value,False,0.6,"['ROE >= 12%: ROE=131.9%', 'Profit margin >= 5%: margin=23.3%', 'FCF yield >= 3%: FCF yield=4.2%']","['high leverage', 'P/E >= 20']",
REN.AS,buffett_quality,Buffett Quality,True,0.75,"['ROE >= 15%: ROE=131.9%', 'margin >= 8%: margin=23.3%', 'P/E < 25.0: P/E=21.0']",['too much debt'],
REN.AS,economic_moat,Economic Moat,True,0.75,"['high ROE=131.9%', 'solid ROA=14.0%', 'wide margin=23.3%']",['leverage too high'],
REN.AS,high_dividend,High Dividend Yield,False,0.3333,"['yield=261.0%', 'universe rank 33%']",['not in top quartile for yield'],
REN.AS,dividend_growth,Dividend Growth,True,1.0,"['dividend payer: yield=261.0%', 'earnings growth: growth=24.3%', 'reasonable P/E: P/E=21.0']",[],
REN.AS,magic_formula,Magic Formula,True,0.6292,['ROIC rank 89%'],[],
REN.AS,acquirers_multiple,Acquirer's Multiple,False,0.3182,"['EV/EBIT=20.9', 'universe rank 32%']","['EV/EBIT 20.9 above 12.0', 'not in top 40% cheapest on EV/EBIT']",
REN.AS,dreman_contrarian,Dreman Contrarian,False,0.2911,[],"['P/E not in bottom quartile', 'P/B not cheap vs universe', 'dividend yield below median']",
REN.AS,piotroski_f,Piotroski F-Score,True,0.7778,"['F-Score=7/9', 'positive net income', 'positive operating cash flow', 'ROA improving', 'OCF > net income', 'no share dilution', 'gross margin improving', 'asset turnover improving']","['leverage declining', 'current ratio improving']","{'f_score': 7, 'max_score': 9, 'components': [{'name': 'positive net income', 'passed': True}, {'name': 'positive operating cash flow', 'passed': True}, {'name': 'ROA improving', 'passed': True}, {'name': 'OCF > net income', 'passed': True}, {'name': 'leverage declining', 'passed': False}, {'name': 'current ratio improving', 'passed': False}, {'name': 'no share dilution', 'passed': True}, {'name': 'gross margin improving', 'passed': True}, {'name': 'asset turnover improving', 'passed': True}]}"
REN.AS,composite_value,Composite Value,False,0.2833,[],[],
REN.AS,earnings_quality,Earnings Quality,True,1.0,"['FCF/NI=1.08', 'OCF/NI=1.37', 'ratio=-5.22%']",[],
REN.AS,financial_health,Financial Health,False,0.6,"['leverage=49.2%', 'ratio=2.6', 'coverage=10.9x']","['high debt to equity', 'weak liquidity']",
SHELL.AS,graham_defensive,Graham Defensive,False,0.75,"['P/E < 15: P/E=10.1', 'P/B < 1.5 or P/E×P/B < 22.5: P/B=1.47', 'Dividend payer: yield=691.00%']",['current ratio < 2'],
SHELL.AS,graham_enterprising,Graham Enterprising,True,1.0,"['P/E < 25: P/E=10.1', 'P/B < 3: P/B=1.47', 'Debt/equity < 100%: D/E=40%', 'ROE > 8%: ROE=14.3%', 'Positive earnings growth: growth=220.0%']",[],
SHELL.AS,graham_net_net,Graham Net-Net,False,0.0,[],['missing NCAV (balance sheet data)'],
SHELL.AS,schloss,Schloss Low P/B,False,0.5,['D/E < 50.0%: D/E=40%'],['P/B too high'],
SHELL.AS,deep_value,Deep Value,False,0.5,['EV/EBITDA=4.6'],['P/B not below 1.0'],
SHELL.AS,earnings_yield,Earnings Yield,True,0.8224,['E/P=9.9% (P/E=10.1)'],[],
SHELL.AS,fcf_yield,FCF Yield,True,0.9763,['FCF yield=9.8%'],[],
SHELL.AS,low_pe_high_yield,Low P/E + High Yield,True,1.0,"['P/E=10.1', 'yield=691.0%']",[],
SHELL.AS,lynch_peg,Lynch PEG,True,0.9539,"['PEG=0.05', 'growth=220.0%']",[],
SHELL.AS,neff_pegy,Neff PEGY,True,0.9889,"['PEGY=0.01', 'growth=220.0%', 'yield=691.0%']",[],
SHELL.AS,quality_value,Quality Value,True,1.0,"['ROE >= 12%: ROE=14.3%', 'Profit margin >= 5%: margin=8.8%', 'Debt/equity < 80%: D/E=40%', 'P/E < 20: P/E=10.1', 'FCF yield >= 3%: FCF yield=9.8%']",[],
SHELL.AS,buffett_quality,Buffett Quality,False,0.75,"['D/E < 60.0%: D/E=40%', 'margin >= 8%: margin=8.8%', 'P/E < 25.0: P/E=10.1']",['ROE too low'],
SHELL.AS,economic_moat,Economic Moat,False,0.25,['low leverage D/E=40%'],"['ROE below 18%', 'ROA below 8%', 'margins below 12%']",
SHELL.AS,high_dividend,High Dividend Yield,True,0.9583,"['yield=691.0%', 'universe rank 96%']",[],
SHELL.AS,dividend_growth,Dividend Growth,True,1.0,"['dividend payer: yield=691.0%', 'earnings growth: growth=220.0%', 'reasonable P/E: P/E=10.1']",[],
SHELL.AS,magic_formula,Magic Formula,True,0.6615,['earnings yield rank 95%'],[],
SHELL.AS,acquirers_multiple,Acquirer's Multiple,True,0.9091,"['EV/EBIT=9.6', 'universe rank 91%']",[],
SHELL.AS,dreman_contrarian,Dreman Contrarian,True,0.8922,"['low P/E rank 96%', 'low P/B rank 76%', 'dividend rank 96%']",[],
SHELL.AS,piotroski_f,Piotroski F-Score,False,0.5556,"['F-Score=5/9', 'positive net income', 'positive operating cash flow', 'ROA improving', 'OCF > net income', 'no share dilution']","['F-Score 5/9 below 7', 'leverage declining', 'current ratio improving', 'gross margin improving', 'asset turnover improving']","{'f_score': 5, 'max_score': 9, 'components': [{'name': 'positive net income', 'passed': True}, {'name': 'positive operating cash flow', 'passed': True}, {'name': 'ROA improving', 'passed': True}, {'name': 'OCF > net income', 'passed': True}, {'name': 'leverage declining', 'passed': False}, {'name': 'current ratio improving', 'passed': False}, {'name': 'no share dilution', 'passed': True}, {'name': 'gross margin improving', 'passed': False}, {'name': 'asset turnover improving', 'passed': False}]}"
SHELL.AS,composite_value,Composite Value,True,0.9103,"['top-tier on trailing_pe (percentile 96%)', 'top-tier on price_to_book (percentile 76%)', 'top-tier on dividend_yield (percentile 96%)', 'top-tier on fcf_yield (percentile 96%)', 'top-tier on ev_ebitda (percentile 90%)']",[],
SHELL.AS,earnings_quality,Earnings Quality,True,1.0,"['FCF/NI=1.20', 'OCF/NI=2.40', 'ratio=-6.76%']",[],
SHELL.AS,financial_health,Financial Health,True,1.0,"['D/E=40%', 'leverage=20.4%', 'CR=1.30', 'ratio=0.7', 'coverage=5.8x']",[],
UMG.AS,graham_defensive,Graham Defensive,False,0.25,['Dividend payer: yield=360.00%'],"['P/E >= 15', 'valuation too rich on P/B or P/E×P/B', 'current ratio < 2']",
UMG.AS,graham_enterprising,Graham Enterprising,False,0.0,[],"['P/E >= 25', 'P/B >= 3', 'excessive leverage', 'ROE <= 8%', 'negative earnings growth']",
UMG.AS,graham_net_net,Graham Net-Net,False,0.0,[],['missing NCAV (balance sheet data)'],
UMG.AS,schloss,Schloss Low P/B,False,0.0,[],"['P/B too high', 'too much leverage']",
UMG.AS,deep_value,Deep Value,False,0.0,[],"['P/B not below 1.0', 'EV/EBITDA not below 8']",
UMG.AS,earnings_yield,Earnings Yield,False,0.1039,['E/P=1.2% (P/E=80.2)'],['earnings yield 1.2% below 8%'],
UMG.AS,fcf_yield,FCF Yield,True,0.6767,['FCF yield=6.8%'],[],
UMG.AS,low_pe_high_yield,Low P/E + High Yield,False,0.5,['yield=360.0%'],['P/E not below 12.0'],
UMG.AS,lynch_peg,Lynch PEG,False,0.2,[],['missing or negative earnings growth'],
UMG.AS,neff_pegy,Neff PEGY,True,0.709,"['PEGY=0.29', 'growth=-84.4%', 'yield=360.0%']",[],
UMG.AS,quality_value,Quality Value,False,0.2,['FCF yield >= 3%: FCF yield=6.8%'],"['ROE below 12%', 'thin margins', 'high leverage', 'P/E >= 20']",
UMG.AS,buffett_quality,Buffett Quality,False,0.0,[],"['ROE too low', 'too much debt', 'thin margins', 'P/E too high']",
UMG.AS,economic_moat,Economic Moat,False,0.25,['solid ROA=8.8%'],"['ROE below 18%', 'margins below 12%', 'leverage too high']",
UMG.AS,high_dividend,High Dividend Yield,False,0.5417,"['yield=360.0%', 'universe rank 54%']",['not in top quartile for yield'],
UMG.AS,dividend_growth,Dividend Growth,False,0.3333,['dividend payer: yield=360.0%'],"['earnings not growing', 'P/E out of range']",
UMG.AS,magic_formula,Magic Formula,True,0.7775,"['earnings yield rank 82%', 'ROIC rank 74%']",[],
UMG.AS,acquirers_multiple,Acquirer's Multiple,False,0.7727,"['EV/EBIT=14.6', 'universe rank 77%']",['EV/EBIT 14.6 above 12.0'],
UMG.AS,dreman_contrarian,Dreman Contrarian,False,0.3011,['dividend rank 54%'],"['P/E not in bottom quartile', 'P/B not cheap vs universe']",
UMG.AS,piotroski_f,Piotroski F-Score,False,0.6667,"['F-Score=6/9', 'positive net income', 'positive operating cash flow', 'OCF > net income', 'current ratio improving', 'no share dilution', 'asset turnover improving']","['F-Score 6/9 below 7', 'ROA improving', 'leverage declining', 'gross margin improving']","{'f_score': 6, 'max_score': 9, 'components': [{'name': 'positive net income', 'passed': True}, {'name': 'positive operating cash flow', 'passed': True}, {'name': 'ROA improving', 'passed': False}, {'name': 'OCF > net income', 'passed': True}, {'name': 'leverage declining', 'passed': False}, {'name': 'current ratio improving', 'passed': True}, {'name': 'no share dilution', 'passed': True}, {'name': 'gross margin improving', 'passed': False}, {'name': 'asset turnover improving', 'passed': True}]}"
UMG.AS,composite_value,Composite Value,False,0.3964,['top-tier on fcf_yield (percentile 78%)'],[],
UMG.AS,earnings_quality,Earnings Quality,True,1.0,"['FCF/NI=1.17', 'OCF/NI=1.13', 'ratio=-1.18%']",[],
UMG.AS,financial_health,Financial Health,False,0.6,"['leverage=19.5%', 'ratio=2.3', 'coverage=15.6x']","['high debt to equity', 'weak liquidity']",
UNA.AS,graham_defensive,Graham Defensive,False,0.25,['Dividend payer: yield=342.00%'],"['P/E >= 15', 'valuation too rich on P/B or P/E×P/B', 'current ratio < 2']",
UNA.AS,graham_enterprising,Graham Enterprising,False,0.4,"['P/E < 25: P/E=21.5', 'ROE > 8%: ROE=31.9%']","['P/B >= 3', 'excessive leverage', 'negative earnings growth']",
UNA.AS,graham_net_net,Graham Net-Net,False,0.0,[],['missing NCAV (balance sheet data)'],
UNA.AS,schloss,Schloss Low P/B,False,0.0,[],"['P/B too high', 'too much leverage']",
UNA.AS,deep_value,Deep Value,False,0.0,[],"['P/B not below 1.0', 'EV/EBITDA not below 8']",
UNA.AS,earnings_yield,Earnings Yield,False,0.3872,['E/P=4.6% (P/E=21.5)'],['earnings yield 4.6% below 8%'],
UNA.AS,fcf_yield,FCF Yield,True,0.5609,['FCF yield=5.6%'],[],
UNA.AS,low_pe_high_yield,Low P/E + High Yield,False,0.5,['yield=342.0%'],['P/E not below 12.0'],
UNA.AS,lynch_peg,Lynch PEG,False,0.2,[],['missing or negative earnings growth'],
UNA.AS,neff_pegy,Neff PEGY,True,0.936,"['PEGY=0.06', 'growth=-5.6%', 'yield=342.0%']",[],
UNA.AS,quality_value,Quality Value,False,0.6,"['ROE >= 12%: ROE=31.9%', 'Profit margin >= 5%: margin=18.3%', 'FCF yield >= 3%: FCF yield=5.6%']","['high leverage', 'P/E >= 20']",
UNA.AS,buffett_quality,Buffett Quality,True,0.75,"['ROE >= 15%: ROE=31.9%', 'margin >= 8%: margin=18.3%', 'P/E < 25.0: P/E=21.5']",['too much debt'],
UNA.AS,economic_moat,Economic Moat,True,0.75,"['high ROE=31.9%', 'solid ROA=13.4%', 'wide margin=18.3%']",['leverage too high'],
UNA.AS,high_dividend,High Dividend Yield,False,0.5,"['yield=342.0%', 'universe rank 50%']",['not in top quartile for yield'],
UNA.AS,dividend_growth,Dividend Growth,True,0.6667,"['dividend payer: yield=342.0%', 'reasonable P/E: P/E=21.5']",['earnings not growing'],
UNA.AS,magic_formula,Magic Formula,True,0.7285,"['earnings yield rank 77%', 'ROIC rank 68%']",[],
UNA.AS,acquirers_multiple,Acquirer's Multiple,False,0.7273,"['EV/EBIT=14.6', 'universe rank 73%']",['EV/EBIT 14.6 above 12.0'],
UNA.AS,dreman_contrarian,Dreman Contrarian,False,0.3994,['dividend rank 50%'],"['P/E not in bottom quartile', 'P/B not cheap vs universe']",
UNA.AS,piotroski_f,Piotroski F-Score,True,0.7778,"['F-Score=7/9', 'positive net income', 'positive operating cash flow', 'ROA improving', 'current ratio improving', 'no share dilution', 'gross margin improving', 'asset turnover improving']","['OCF > net income', 'leverage declining']","{'f_score': 7, 'max_score': 9, 'components': [{'name': 'positive net income', 'passed': True}, {'name': 'positive operating cash flow', 'passed': True}, {'name': 'ROA improving', 'passed': True}, {'name': 'OCF > net income', 'passed': False}, {'name': 'leverage declining', 'passed': False}, {'name': 'current ratio improving', 'passed': True}, {'name': 'no share dilution', 'passed': True}, {'name': 'gross margin improving', 'passed': True}, {'name': 'asset turnover improving', 'passed': True}]}"
UNA.AS,composite_value,Composite Value,False,0.4167,[],[],
UNA.AS,earnings_quality,Earnings Quality,True,1.0,"['FCF/NI=0.71', 'OCF/NI=0.88', 'ratio=1.59%']",[],
UNA.AS,financial_health,Financial Health,False,0.6,"['leverage=39.2%', 'ratio=2.4', 'coverage=9.2x']","['high debt to equity', 'weak liquidity']",
WKL.AS,graham_defensive,Graham Defensive,False,0.5,"['P/E < 15: P/E=12.0', 'Dividend payer: yield=371.00%']","['valuation too rich on P/B or P/E×P/B', 'current ratio < 2']",
WKL.AS,graham_enterprising,Graham Enterprising,False,0.6,"['P/E < 25: P/E=12.0', 'ROE > 8%: ROE=111.7%', 'Positive earnings growth: growth=36.9%']","['P/B >= 3', 'excessive leverage']",
WKL.AS,graham_net_net,Graham Net-Net,False,0.0,[],['missing NCAV (balance sheet data)'],
WKL.AS,schloss,Schloss Low P/B,False,0.0,[],"['P/B too high', 'too much leverage']",
WKL.AS,deep_value,Deep Value,False,0.0,[],"['P/B not below 1.0', 'EV/EBITDA not below 8']",
WKL.AS,earnings_yield,Earnings Yield,True,0.6924,['E/P=8.3% (P/E=12.0)'],[],
WKL.AS,fcf_yield,FCF Yield,True,0.6517,['FCF yield=6.5%'],[],
WKL.AS,low_pe_high_yield,Low P/E + High Yield,False,0.5,['yield=371.0%'],['P/E not below 12.0'],
WKL.AS,lynch_peg,Lynch PEG,True,0.6738,"['PEG=0.33', 'growth=36.9%']",[],
WKL.AS,neff_pegy,Neff PEGY,True,0.9705,"['PEGY=0.03', 'growth=36.9%', 'yield=371.0%']",[],
WKL.AS,quality_value,Quality Value,True,0.8,"['ROE >= 12%: ROE=111.7%', 'Profit margin >= 5%: margin=21.4%', 'P/E < 20: P/E=12.0', 'FCF yield >= 3%: FCF yield=6.5%']",['high leverage'],
WKL.AS,buffett_quality,Buffett Quality,True,0.75,"['ROE >= 15%: ROE=111.7%', 'margin >= 8%: margin=21.4%', 'P/E < 25.0: P/E=12.0']",['too much debt'],
WKL.AS,economic_moat,Economic Moat,True,0.75,"['high ROE=111.7%', 'solid ROA=13.6%', 'wide margin=21.4%']",['leverage too high'],
WKL.AS,high_dividend,High Dividend Yield,False,0.5833,"['yield=371.0%', 'universe rank 58%']",['not in top quartile for yield'],
WKL.AS,dividend_growth,Dividend Growth,True,1.0,"['dividend payer: yield=371.0%', 'earnings growth: growth=36.9%', 'reasonable P/E: P/E=12.0']",[],
WKL.AS,magic_formula,Magic Formula,True,0.8756,"['earnings yield rank 91%', 'ROIC rank 84%']",[],
WKL.AS,acquirers_multiple,Acquirer's Multiple,True,0.8636,"['EV/EBIT=11.5', 'universe rank 86%']",[],
WKL.AS,dreman_contrarian,Dreman Contrarian,True,0.5533,"['low P/E rank 92%', 'dividend rank 58%']",['P/B not cheap vs universe'],
WKL.AS,piotroski_f,Piotroski F-Score,True,0.7778,"['F-Score=7/9', 'positive net income', 'positive operating cash flow', 'ROA improving', 'OCF > net income', 'no share dilution', 'gross margin improving', 'asset turnover improving']","['leverage declining', 'current ratio improving']","{'f_score': 7, 'max_score': 9, 'components': [{'name': 'positive net income', 'passed': True}, {'name': 'positive operating cash flow', 'passed': True}, {'name': 'ROA improving', 'passed': True}, {'name': 'OCF > net income', 'passed': True}, {'name': 'leverage declining', 'passed': False}, {'name': 'current ratio improving', 'passed': False}, {'name': 'no share dilution', 'passed': True}, {'name': 'gross margin improving', 'passed': True}, {'name': 'asset turnover improving', 'passed': True}]}"
WKL.AS,composite_value,Composite Value,True,0.75,"['top-tier on trailing_pe (percentile 100%)', 'top-tier on fcf_yield (percentile 75%)', 'top-tier on ev_ebitda (percentile 100%)']",[],
WKL.AS,earnings_quality,Earnings Quality,True,1.0,"['FCF/NI=0.75', 'OCF/NI=1.28', 'ratio=-3.76%']",[],
WKL.AS,financial_health,Financial Health,False,0.6,"['leverage=51.5%', 'ratio=2.1', 'coverage=14.4x']","['high debt to equity', 'weak liquidity']",
