ticker,name,sector,market_cap,trailing_pe,forward_pe,price_to_book,dividend_yield,current_ratio,debt_to_equity,return_on_equity,return_on_assets,profit_margins,revenue_growth,earnings_growth,free_cashflow,enterprise_value,ebitda,ebit,total_revenue,total_debt,total_cash,book_value,total_assets,total_current_assets,total_liabilities,total_current_liabilities,net_income,operating_cashflow,gross_margin,ncav,shares_outstanding,return_on_assets_prev,gross_margin_prev,current_ratio_bs,current_ratio_bs_prev,leverage,leverage_prev,asset_turnover,asset_turnover_prev,shares_outstanding_prev,interest_expense,last_price,errors,data_sources,fcf_yield,ev_ebitda,ev_ebit,earnings_yield_ebit,earnings_yield_pe,ncav_to_market,roic_proxy,data_quality_score,metrics_present,metrics_total,sector_composite_score,models_passed,model_count,mean_model_score,weighted_model_score,weighted_pass_score,min_model_score,max_model_score,pass_rate,weight_sum,families_passed,family_count,passed_families,family_mean_score,risk_family_passed,risk_mean_score,composite_score,signal,signal_rank,weeks_at_signal,signal_trend,conviction_score,stability_label
IPX.L,Impax Asset Management Group Plc,Financial Services,136320384.0,10.2,8.171291,1.2837528,8.91,4.181,4.531,0.11825,0.13117954286896266,0.10604,-0.231,-0.543,19728876.0,81948376.0,25424000.0,31436000.0,141873000.0,4811000.0,59183000.0,0.874,154704000.0,115987000.0,,35130000.0,20294000.0,,0.6185320674124041,,124748129.0,0.20000328979833537,0.6347839377355052,3.3016510105323085,3.1341806049431495,0.0371289688695832,0.042685133401322496,0.9170609680421967,0.9327291070390719,127774274.0,420000.0,112.2,[],{},0.1447243282413289,3.22326840780365,2.606832166942359,0.38360735788101524,0.09803921568627452,,0.26289996153009854,0.95,19,20,0.7783333333333333,13.0,22.0,0.7222045454545456,0.7222045454545456,0.5909090909090909,0.0,1.0,0.5909090909090909,22.0,4,5,"cheapness,dividend,garp,risk",0.7208466666666666,True,0.83335,0.82,strong_buy,4,2,stable,0.4555,building
HCM.L,HUTCHMED (China) Limited,Healthcare,1504565632.0,4.375,32.4342,1.6076909,,4.963,7.824,0.4525,0.2606296171860428,0.833,-0.165,-0.981,-54012624.0,246876560.0,-25852000.0,-35700000.0,548512000.0,97893000.0,1368904960.0,1.0885177,1753097000.0,1567342000.0,,315775000.0,456909000.0,,0.3867973717986115,,859744319.0,0.02961004429459832,0.4463925001705805,4.963477159369805,2.8323489890111055,0.055840036233020765,0.07049150994038594,0.31288171732653697,0.49458717497151145,854883637.0,2865000.0,175.0,[],{},-0.035899147801350284,-9.549611635463407,-6.915309803921569,-0.14460668116892103,0.22857142857142856,,-0.024837858183482893,0.9,18,20,0.7843137254901961,7.0,22.0,0.4898090909090909,0.4898090909090909,0.3181818181818182,0.0,1.0,0.3181818181818182,22.0,3,5,"cheapness,quality,risk",0.43033333333333335,True,0.56665,0.7917,strong_buy,4,2,stable,0.3191,building
RWS.L,RWS Holdings plc,Technology,308622304.0,,5.616346,0.4112265,7.64,1.532,11.485,-0.11861,-0.09587856662503602,-0.13596,0.046,,62875000.0,360180128.0,83900000.0,-93800000.0,690100000.0,86000000.0,33700000.0,2.022,1040900000.0,245800000.0,,164100000.0,-99800000.0,,0.4337052601072308,,369807646.0,0.03937007874015748,0.46853244221665274,1.497867154174284,1.7569444444444444,0.0773369199731002,0.08421052631578947,0.6629839561917571,0.5952755905511811,368717980.0,6500000.0,83.15,[],{},0.20372798461124833,4.2929693444576875,-3.839873432835821,-0.2604252503347436,,,-0.10697992700729927,0.9,18,20,0.7980952380952382,5.0,22.0,0.5007045454545455,0.5007045454545455,0.22727272727272727,0.0,1.0,0.22727272727272727,22.0,2,5,"cheapness,risk",0.43445166666666674,True,0.65,0.8619,buy,3,2,stable,0.2241,building
CAML.L,Central Asia Metals plc,Basic Materials,235842912.0,,4.577372,1.1328216,8.67,2.923,0.762,-0.23356001,-0.19504221574859215,-0.32652,0.159,,61064376.0,157991936.0,94314000.0,63493000.0,229860000.0,2165000.0,79673000.0,1.2217282,384809000.0,112349000.0,,38431000.0,-75054000.0,,0.45070912729487517,,172087922.0,0.11578622487254639,0.4851311083235016,2.923395175769561,3.3457781636639896,0.005626167787135956,0.003877112868815712,0.5973353014092706,0.4830981758871064,174600726.0,2612000.0,138.4,[],{},0.258919699906012,1.6751694976355578,2.4883362890397365,0.40187494126282497,,,0.18330552171327277,0.9,18,20,0.6833333333333335,6.0,22.0,0.5569090909090909,0.5569090909090909,0.2727272727272727,0.0,1.0,0.2727272727272727,22.0,2,5,"cheapness,risk",0.4718983333333334,True,0.75,0.8,buy,3,2,stable,0.2003,building
WJG.L,Watkin Jones Plc,Consumer Cyclical,48199412.0,,7.986377,0.38600823,,2.116,28.845,-0.0669,-0.026904537860311484,-0.03431,-0.225,,23884000.0,17053696.0,-5546000.0,-8924000.0,279837000.0,35964000.0,67064000.0,0.486,312438000.0,242863000.0,,117683000.0,-8406000.0,,0.06926174880376791,,256653097.0,0.00570974030474044,0.0932911298089527,2.0637050381108573,2.4085903285507486,0.1394324634007387,0.16378970077345137,0.8956560981698769,1.091843959878152,256653097.0,1470000.0,18.76,[],{},0.495524717189496,-3.074954201226109,-1.9109923800986104,-0.523288324126336,,,-0.045821673384508745,0.85,17,20,0.6557539682539683,5.0,22.0,0.37200909090909084,0.37200909090909084,0.22727272727272727,0.0,1.0,0.22727272727272727,22.0,2,5,"cheapness,risk",0.2821433333333333,True,0.65,0.7646,buy,3,2,stable,0.1811,building
TFW.L,FW Thorpe Plc,Industrials,286878464.0,11.636363,,1.5890752,2.8,3.311,4.263,0.14079,0.08507,0.14733,-0.024,0.027,21218500.0,244149440.0,38458000.0,,173200992.0,7932000.0,59500000.0,1.611,238897000.0,121106000.0,,38362000.0,,,,,117321908.0,0.10662754694804796,0.48599529004880604,3.1569261248110108,2.5816583837246307,0.01742591995713634,0.020322956959538282,0.7250027919982251,0.770982992570762,117111586.0,,256.0,[],{},0.0739633770487561,6.348469499193926,,,0.08593750469970729,,,0.85,17,20,0.685,11.0,22.0,0.5981090909090909,0.5981090909090909,0.5,0.0,1.0,0.5,22.0,5,5,"cheapness,quality,dividend,garp,risk",0.6129666666666667,True,0.75,0.6758,buy,3,2,stable,0.4338,building
JHD.L,James Halstead plc,Industrials,535505088.0,14.288889,12.80749,2.9906976,6.92,4.128,5.058,0.2131,0.13227001,0.14588,-0.022,-0.129,41133248.0,474280352.0,53575000.0,,259074000.0,9057000.0,70764000.0,0.43,246995000.0,202361000.0,,60573000.0,,,,,432828966.0,0.1691173475622174,0.440630672909368,3.340778894887161,3.1077900388643496,0.02585882305309824,0.029644413669504297,1.0489038239640478,1.1196326015233595,416754052.0,,128.6,[],{},0.07681205822641969,8.852643061129259,,,0.06998444735626402,,,0.85,17,20,0.6616666666666666,9.0,22.0,0.5710272727272728,0.5710272727272728,0.4090909090909091,0.0,1.0,0.4090909090909091,22.0,5,5,"cheapness,quality,dividend,garp,risk",0.6673,True,0.75,0.6392,buy,3,2,stable,0.4147,building
IGR.L,IG Design Group plc,Consumer Cyclical,77912296.0,13.916667,16.449959,0.7929725,1.2,3.031,31.565,0.03392,-0.18337358839035572,-0.51561,0.093,,80881248.0,64704800.0,9734000.0,-6724066.03,563699967.05,33641000.0,54678000.0,1.053,420199632.49,307636649.21,,149851829.05,-77053514.45,,0.13838728034390793,,95308142.0,0.053867660200531346,0.17688747342356922,2.0529389007814713,1.8782907786072343,0.22964881525044284,0.19578947686752562,1.3415051405677156,1.2097368536447806,95279870.0,3350051.98,83.5,[],{},1.038106334332645,6.6472981302650505,-9.622868025286182,-0.10391912238350169,0.07185628570404105,,-0.02487190923854617,0.95,19,20,0.6264285714285716,6.0,22.0,0.49378636363636375,0.49378636363636375,0.2727272727272727,0.0,1.0,0.2727272727272727,22.0,3,5,"cheapness,dividend,risk",0.4146233333333333,True,0.65,0.6239,buy,3,2,stable,0.2673,building
DOTD.L,dotdigital Group Plc,Technology,140402592.0,15.433333,8.210675,1.3381504,2.61,3.109,1.458,0.0885,0.06422,0.10762,0.043,-0.305,10574250.0,107974968.0,15439000.0,,85748000.0,1553000.0,36100000.0,0.346,123573000.0,60171000.0,,19709000.0,,,,,306848354.0,0.11046888882233735,0.7951578387550176,3.052970724034705,4.273304818216128,0.024924538531879942,0.021402972856957463,0.6939056266336497,0.7883661266009803,299216130.0,,46.3,[],{},0.07531378053191497,6.993650365956344,,,0.06479481781414294,,,0.85,17,20,0.6357142857142857,5.0,22.0,0.5017772727272728,0.5017772727272728,0.22727272727272727,0.0,1.0,0.22727272727272727,22.0,4,5,"cheapness,dividend,garp,risk",0.5538433333333334,True,0.75,0.6193,buy,3,2,stable,0.32,building
BREE.L,Breedon Group plc,Basic Materials,1077370112.0,12.933333,9.55165,0.89892846,4.83,1.349,53.692,0.07087,0.03554462164913472,0.048899997,0.106,-0.099,110212496.0,1603646464.0,262000000.0,131300000.0,1713800000.0,642800000.0,115500000.0,3.453,2357600000.0,506000000.0,,375100000.0,83800000.0,,0.7980511144824367,,346642548.0,0.044638299846874854,0.8053669986677663,1.348973607038123,1.2883874518436984,0.27265015269765863,0.22054661036610831,0.7269256871394638,0.7314277759732727,343652267.0,28900000.0,310.4,[],{},0.10229771066825362,6.120788030534351,12.213605971058644,0.0818759015453421,0.07731958962163892,,0.06622950819672131,0.95,19,20,0.5666666666666668,8.0,22.0,0.5914409090909091,0.5914409090909091,0.36363636363636365,0.0,1.0,0.36363636363636365,22.0,4,5,"cheapness,dividend,garp,risk",0.6207633333333333,True,0.83335,0.5917,buy,3,2,stable,0.3301,building
ASY.L,Andrews Sykes Group plc,Industrials,236501920.0,13.139535,,4.4175134,4.58,2.614,28.416,0.36271,0.20695771585512387,0.23641,0.027,0.095,15081250.0,223328896.0,29263000.0,23457000.0,76500000.0,15213000.0,28386000.0,1.279,87385000.0,50065000.0,,19154000.0,18085000.0,,0.6390457516339869,,41858744.0,0.20920356186562053,0.6478496747517842,2.613814346872716,2.3413084903662926,0.17409166332894663,0.19962637773211284,0.8754362876923957,0.9457874089295722,41858744.0,1013000.0,565.0,[],{},0.06376798124936998,7.63178402761166,9.52077827514175,0.10503343015674962,0.07610619401675935,,0.3437880142457241,0.95,19,20,0.5716666666666667,9.0,22.0,0.6633272727272728,0.6633272727272728,0.4090909090909091,0.0,1.0,0.4090909090909091,22.0,5,5,"cheapness,quality,dividend,garp,risk",0.721325,True,0.83335,0.5483,buy,3,2,stable,0.399,building
JSE.L,Jadestone Energy plc,Energy,159391776.0,,6.083385,-2.7122762,,0.936,,,-0.1183108492118094,-0.2714,-0.144,,92801872.0,291294592.0,201783008.0,13557000.0,408060000.0,193318000.0,60606000.0,-0.10784299,936068000.0,190499000.0,,203492000.0,-110747000.0,,0.185891780620497,,542162715.0,-0.04058699939773715,0.04232778784718355,0.936149824071708,1.0370882273693454,0.2065213211006038,0.200209642642049,0.43592986834289815,0.3632297839669353,541110799.0,24729000.0,29.25,[],{},0.5822249700009616,1.443603179907002,21.48665574979715,0.04654051387263654,,,0.018505929760188704,0.75,15,20,0.9433962264150944,3.0,22.0,0.3169272727272727,0.3169272727272727,0.13636363636363635,0.0,1.0,0.13636363636363635,22.0,1,5,cheapness,0.20898333333333335,False,0.45,0.9365,hold,2,2,stable,0.1057,building
IOM.L,iomart Group plc,Technology,14993615.0,,-4.7244096,0.27672955,,0.924,216.819,-0.15573,-0.2164047837797514,-0.05919,-0.054,,9532375.0,123612112.0,14946000.0,-46849000.0,143460000.0,117542000.0,8921000.0,0.477,254694000.0,50763000.0,,51250000.0,-55117000.0,,0.4911682699010177,,112623077.0,0.027898817516351194,0.5476627128115924,0.9904975609756097,1.0266044113713189,0.451545776500428,0.2516177935634773,0.5632641522768499,0.5503053666565599,112200708.0,6525000.0,13.2,[],{},0.6357622894812225,8.270581560283688,-2.638521889474695,-0.37900007727398105,,,-0.23027958553705197,0.85,17,20,0.7499999999999999,2.0,22.0,0.24860454545454547,0.24860454545454547,0.09090909090909091,0.0,1.0,0.09090909090909091,22.0,1,5,cheapness,0.16356166666666666,False,0.35,0.8545,hold,2,2,stable,0.1023,building
GTLY.L,Gateley (Holdings) Plc,Industrials,75674128.0,18.666668,4.4667788,1.0566039,16.96,4.011,80.667,0.0586,0.009412884273242583,0.023740001,0.093,1.583,15119125.0,121808152.0,23943000.0,18307000.0,179499000.0,57359000.0,10627000.0,0.53,145014000.0,107543000.0,,32134000.0,1365000.0,,0.4570053315060251,,131562476.0,0.061757836207477886,0.4527166477285903,3.346704425219394,2.201929929312968,0.3066393589584454,0.2539955002728036,1.2378046257602715,1.057448151985336,130089432.0,2389000.0,56.0,[],{},0.19979252354252433,5.08742229461638,6.653638061943519,0.15029371761587845,0.053571424744898226,,0.1621810772501772,0.95,19,20,0.76,8.0,22.0,0.6331000000000001,0.6331000000000001,0.36363636363636365,0.0,1.0,0.36363636363636365,22.0,3,5,"cheapness,dividend,garp",0.7115666666666667,False,0.73335,0.8133,hold,2,2,stable,0.3363,building
VCP.L,Victoria PLC,Consumer Cyclical,77287064.0,0.7790698,-2.2039475,-0.1864737,,1.521,,,-0.198796992481203,-0.21447,-0.07,,67500000.0,1367594112.0,158400000.0,4600000.0,1118100000.0,1384800000.0,94000000.0,-3.593,1330000000.0,610300000.0,,451400000.0,-264400000.0,,0.3005992308380288,,114294012.0,-0.06627799938631482,0.32071955271047725,1.352015950376606,1.4334198011240813,0.7334586466165414,0.573672905799325,0.8406766917293234,0.7573488800245474,113997873.0,38600000.0,67.0,[],{},0.8733673723199008,8.633801212121211,297.30306782608693,0.0033635710768547093,1.2835820359100043,,0.005235602094240838,0.8,16,20,0.8404761904761905,4.0,22.0,0.38302272727272724,0.38302272727272724,0.18181818181818182,0.0,1.0,0.18181818181818182,22.0,1,5,cheapness,0.2556233333333333,False,0.35,0.8114,hold,2,2,stable,0.0991,building
MPE.L,M.P. Evans Group PLC,Consumer Defensive,857707328.0,10.3125,11.720647,1.8970113,3.64,3.625,,0.1984,0.16642961942689463,0.29964,0.013,0.093,86908752.0,782511168.0,164688000.0,137753000.0,370995000.0,0.0,87481000.0,8.697892,667940000.0,138845000.0,,38298000.0,111165000.0,,0.3833501799215623,,52176292.0,0.1390333454666308,0.330433993974589,3.6253851376050967,2.3092176502436383,0.0,0.052268662857866334,0.5554316255951134,0.5584044186304145,53289690.0,1128000.0,1650.0,[],{},0.10132681529333978,4.751476537452637,5.680538122581722,0.1760396600499381,0.09696969696969697,,0.218779878089454,0.9,18,20,0.775,14.0,22.0,0.6881363636363638,0.6881363636363638,0.6363636363636364,0.0,1.0,0.6363636363636364,22.0,4,5,"cheapness,quality,dividend,garp",0.6901233333333333,False,0.73335,0.8,hold,2,2,stable,0.4253,building
KETL.L,Strix Group Plc,Technology,70000464.0,8.85,13.169643,1.77,,1.679,190.129,0.18185,-0.007998745294855709,0.05424,-0.053,,8375000.0,157990432.0,32359000.0,24453000.0,141768000.0,88701000.0,12697000.0,0.2,172152000.0,63476000.0,,45484000.0,-1377000.0,,0.3593829355002539,,229859938.0,0.08427869236170711,0.39779009366720675,1.3955676721484478,1.5797201143618735,0.48626214043403504,0.5753556474474006,0.8235048097030531,0.7480013523705495,218714348.0,9003000.0,35.4,[],{},0.11964206408688949,4.8824262801693505,6.460983601194127,0.15477519550044652,0.11299435028248588,,0.1930479679161272,0.9,18,20,0.7529411764705882,6.0,22.0,0.4722272727272729,0.4722272727272729,0.2727272727272727,0.0,1.0,0.2727272727272727,22.0,2,5,"cheapness,quality",0.36833166666666667,False,0.65,0.7375,hold,2,2,stable,0.2012,building
FDEV.L,Frontier Developments plc,Communication Services,145728224.0,8.39,11.583597,1.6463894,,2.832,19.714,0.22659001,0.058480002,0.1943,0.261,0.82,14494625.0,133498232.0,16261000.0,8741000.0,90600000.0,18564000.0,40113000.0,2.548,,,,14958000.0,16387000.0,,,,38681320.0,-0.18291945308173957,0.6868600873753781,,2.9269555103227685,,0.181309366614133,,0.7604889892234953,38616525.0,1032000.0,419.5,[],{},0.0994634025046514,8.209718467498924,15.272649811234412,0.06547652256548236,0.11918951132300357,,,0.8,16,20,0.6862745098039216,8.0,22.0,0.5609045454545454,0.5609045454545454,0.36363636363636365,0.0,1.0,0.36363636363636365,22.0,3,5,"cheapness,quality,garp",0.5443666666666667,False,0.63335,0.6875,hold,2,2,stable,0.2473,building
YNGN.L,"Young & Co.'s Brewery, P.L.C.",Consumer Cyclical,454361824.0,16.755556,,0.5897997,3.24,0.266,39.715,0.03585,0.02125559857283838,0.0551,0.037,,48987500.0,770491200.0,106100000.0,71300000.0,508200000.0,315100000.0,8400000.0,12.784,1317300000.0,29400000.0,,111000000.0,28000000.0,,0.4771743408107044,,60775998.0,0.007456440690862056,0.47241663235899545,0.2648648648648649,0.307027027027027,0.23920139679647764,0.2615841132161607,0.3857891140970166,0.3696264171041619,61759775.0,18200000.0,754.0,[],{},0.10781605630670239,7.261934024505184,10.806328190743338,0.0925383703279155,0.05968169602966324,,0.05910635828566692,0.95,19,20,0.6348809523809524,5.0,22.0,0.5602818181818182,0.5602818181818182,0.22727272727272727,0.0,1.0,0.22727272727272727,22.0,2,5,"cheapness,dividend",0.5036183333333334,False,0.73335,0.6395,hold,2,2,stable,0.1816,building
CRW.L,Craneware plc,Healthcare,415638976.0,25.291668,13.443245,1.691003,2.76,0.773,7.927,0.06724,0.03178,0.106350005,0.057,0.376,-3549000.0,411875776.0,30022000.0,,211334000.0,26903000.0,40947000.0,7.179171,543655000.0,93227000.0,,148761000.0,,,,,35318905.0,0.020283339341671057,0.8569647272650421,0.6266897910070516,0.8946608153620298,0.07384646512953988,0.1502488838357228,0.3887281456070486,0.3280344416405535,35328158.0,,1214.0,[],{},-0.008538660243451278,13.719131836653121,,,0.03953871290734957,,,0.85,17,20,0.5791666666666667,3.0,22.0,0.38326818181818184,0.38326818181818184,0.13636363636363635,0.0,0.9194,0.13636363636363635,22.0,2,5,"dividend,garp",0.49828666666666666,False,0.65,0.5833,hold,2,2,stable,0.1482,building
PMI.L,Premier Miton Group plc,Financial Services,59620224.0,inf,11.055424,0.55309737,8.0,1.243,1.472,0.00086000003,0.005490725126475548,0.00168,-0.188,,5778750.0,36449220.0,7335000.0,3596000.0,63319000.0,1587000.0,24758000.0,0.678,222375000.0,134345000.0,,105796000.0,1221000.0,,0.974020436203983,,157581755.0,0.008398191981598866,0.9680673318655236,1.2698495217210481,1.3223028241993742,0.00834176503653738,0.010319434414756568,0.2847397414277684,0.2854716627885207,154651023.0,0.0,37.5,[],{},0.09692600282749693,4.969218813905931,10.136045606229143,0.09865780392557097,0.0,,0.03084603573542405,0.95,19,20,0.5216666666666667,6.0,22.0,0.48692727272727265,0.48692727272727265,0.2727272727272727,0.0,1.0,0.2727272727272727,22.0,3,5,"cheapness,dividend,risk",0.4619,True,0.83335,0.5758,hold,2,2,stable,0.2346,building
KGH.L,Knights Group Holdings plc,Industrials,163767728.0,38.1,5.882535,1.54251,2.96,2.257,116.668,0.04518,0.02719193717427821,0.022769999,0.266,2.46,24225376.0,278668032.0,35696000.0,20373000.0,161966000.0,122625000.0,6034000.0,1.235,278612000.0,98973000.0,,38485000.0,7576000.0,,,,85967308.0,0.044942743301034684,,2.5717292451604523,2.575658859171906,0.44847673467043775,0.3705460038977458,0.5813317445049029,0.6844195142879311,85914160.0,6445000.0,190.5,[],{},0.14792521271345963,7.806701927386822,13.678301281107348,0.07310849347800324,0.026246719160104987,,0.08484260412198545,0.95,19,20,0.5416666666666667,5.0,22.0,0.44682272727272737,0.44682272727272737,0.22727272727272727,0.0,1.0,0.22727272727272727,22.0,3,5,"cheapness,dividend,garp",0.546225,False,0.73335,0.5708,hold,2,2,stable,0.2378,building
CAM.L,Camellia Plc,Consumer Defensive,140292624.0,,-84.92602,0.48111516,4.68,3.139,6.798,-0.0124,-0.011136363636363637,-0.01828,,,-21525000.0,93392624.0,4200000.0,300000.0,268000000.0,22400000.0,107200000.0,115.357,440000000.0,210300000.0,,67000000.0,-4900000.0,,0.2082089552238806,,2527795.0,-0.01028763384421583,0.18688024408848208,3.138805970149254,2.957920792079208,0.05090909090909091,0.05647701028763384,0.6090909090909091,0.5504933865211001,2758430.0,3400000.0,5550.0,[],{},-0.1534293064473582,22.236339047619047,311.30874666666665,0.003212245112633306,,,0.0008042895442359249,0.9,18,20,0.48333333333333334,2.0,22.0,0.42973636363636364,0.42973636363636364,0.09090909090909091,0.0,1.0,0.09090909090909091,22.0,2,5,"cheapness,risk",0.3975483333333333,True,0.65,0.5667,hold,2,2,stable,0.1418,building
PAF.L,Pan African Resources PLC,Basic Materials,1824582016.0,9.999999,5.2349925,3.5330558,2.43,0.976,19.807,0.43553,0.14096140502474344,0.28809,1.573,1.921,209434880.0,1868131968.0,452607008.0,192031000.0,540033000.0,136119008.0,90115000.0,0.254737,1004509000.0,105457000.0,,175871000.0,141597000.0,,0.418207776191455,,2029317205.0,0.11569939554360992,0.3514457083542895,0.5996269993347396,0.7789227951608326,0.1927648234112387,0.19055462189773362,0.5376089213735268,0.5448357385751621,1916503988.0,18812000.0,90.0,[],{},0.11478512786130629,4.127492360878336,9.728283287594191,0.10279305921068634,0.10000001000000099,,0.23174293237819169,0.95,19,20,0.5874999999999999,10.0,22.0,0.7061636363636364,0.7061636363636364,0.45454545454545453,0.0,1.0,0.45454545454545453,22.0,4,5,"cheapness,quality,dividend,garp",0.7631366666666667,False,0.73335,0.5625,hold,2,2,stable,0.3277,building
YOU.L,YouGov plc,Industrials,285867840.0,24.4,7.3023286,1.5336267,3.79,0.616,112.386,0.06863,-0.003936362145317369,0.03112,0.016,-0.136,21437500.0,462794592.0,50200000.0,10900000.0,335300000.0,209600000.0,32800000.0,1.591,609700000.0,149000000.0,,194700000.0,-2400000.0,,0.8085296749179839,,115924539.0,0.11172279792746113,0.8025551684088269,0.7652799178222907,1.7804090419806242,0.39166803345907825,0.03626943005181347,0.5499425947187141,0.8364637305699482,117074394.0,8700000.0,244.0,[],{},0.07499094686551659,9.21901577689243,42.45821944954128,0.02355256562721459,0.04098360655737705,,0.026265060240963856,0.95,19,20,0.5483333333333332,3.0,22.0,0.35264545454545454,0.35264545454545454,0.13636363636363635,0.0,0.9332,0.13636363636363635,22.0,3,5,"cheapness,dividend,garp",0.4309683333333333,False,0.45,0.5533,hold,2,2,stable,0.2355,building
SQZ.L,Serica Energy plc,Energy,938893312.0,,7.7233486,1.8508697,6.66,1.143,33.934,-0.070700005,-0.03383156032420117,-0.086160004,0.116,,-1849250.0,1147264256.0,268080000.0,42450000.0,601429000.0,227211008.0,18840000.0,1.2988489,1531765000.0,270602000.0,,236806000.0,-51822000.0,,0.1076436287575092,,390554624.0,0.06310210663504359,0.3069358533949047,1.142715978480275,1.9275950324288165,0.14833280561966097,0.15314322619581594,0.3926379046394192,0.49645093746181096,389461122.0,28847000.0,240.4,[],{},-0.0019696061057893656,4.279559295732617,27.02624866902238,0.03700106560279692,,,0.032780960632730456,0.9,18,20,0.4412126444643014,1.0,22.0,0.37386363636363645,0.37386363636363645,0.045454545454545456,0.0,1.0,0.045454545454545456,22.0,1,5,risk,0.37369833333333335,True,0.65,0.5242,hold,2,2,stable,0.0652,building
GAMA.L,Gamma Communications plc,Communication Services,842718976.0,13.637681,9.3786745,2.2479696,2.36,1.405,13.143,0.17157,0.10445839369064865,0.1005,0.109,-0.002,87562496.0,893436416.0,123400000.0,101500000.0,645800000.0,50600000.0,23700000.0,4.186,621300000.0,154100000.0,,109700000.0,64900000.0,,0.5391762155466089,,92171774.0,0.1321969696969697,0.5182947877114256,1.4047402005469463,2.9589473684210525,,0.014962121212121211,1.0394334460003218,1.097348484848485,95776739.0,6100000.0,941.0,[],{},0.10390473988804542,7.240165445705024,8.802329221674876,0.11360629383613573,0.07332624952878719,,0.1983971853010164,0.95,19,20,0.5,7.0,22.0,0.5976363636363637,0.5976363636363637,0.3181818181818182,0.0,1.0,0.3181818181818182,22.0,4,5,"cheapness,quality,dividend,garp",0.611735,False,0.73335,0.5167,hold,2,2,stable,0.2898,building
UPR.L,Uniphar plc,Healthcare,1028925760.0,22.705881,16.479063,2.846894,0.46,0.993,126.538,0.1267,0.029492125600155635,0.016619999,0.133,-0.276,40300000.0,1331114752.0,107444000.0,91426000.0,3074704000.0,512689984.0,183696992.0,1.3558637,1732259000.0,828921000.0,,834852000.0,51088000.0,,0.14885725585292112,,259574298.0,0.04534635367373057,0.15434577099792127,0.992895746791048,0.8779746096877661,0.2959661343944526,0.28686514539819585,1.774967831022959,1.9567442839424904,273015254.0,21192000.0,386.0,[],{},0.039167062937563155,12.388916570492535,14.559477085293024,0.0686837854231819,0.04404145340143375,,0.10187796618479686,0.95,19,20,0.5333333333333333,2.0,22.0,0.30960454545454547,0.30960454545454547,0.09090909090909091,0.0,0.6667,0.09090909090909091,22.0,2,5,"cheapness,dividend",0.32408166666666666,False,0.63335,0.5,hold,2,2,stable,0.1472,building
BRK.L,Brooks Macdonald Group plc,Financial Services,214731936.0,30.88889,9.497909,1.4390723,5.9,1.15,9.57,0.046719998,0.09096702315358705,0.057389997,0.123,-0.497,35009248.0,215721936.0,11600000.0,17641000.0,117922000.0,14279000.0,13289000.0,9.659,230677000.0,61180000.0,,49101000.0,20984000.0,,,,15608165.0,0.033462893864013264,0.20784199771282877,1.246003136392334,2.289874620643144,,0.01976575456053068,0.5111996427905686,0.5528710613598673,16050515.0,122000.0,1390.0,[],{},0.16303698766074554,18.596718620689654,12.228441471571907,0.08177657000074393,0.03237409955488851,,0.09715491034057365,0.95,19,20,0.4933333333333334,4.0,22.0,0.4840045454545455,0.4840045454545455,0.18181818181818182,0.0,1.0,0.18181818181818182,22.0,3,5,"cheapness,dividend,garp",0.546645,False,0.73335,0.4975,hold,2,2,stable,0.2118,building
NICL.L,Nichols plc,Consumer Defensive,363456896.0,17.13793,13.028206,3.8363564,3.39,3.634,4.974,0.23985,0.162981430667143,0.122489996,0.008,0.425,12756625.0,312478496.0,33087000.0,31710000.0,175054000.0,4713000.0,55736000.0,2.591,131561000.0,116977000.0,,32191000.0,21442000.0,,0.4608006672226856,,36563875.0,0.14683173369771002,0.45688592608023887,3.6338417570128296,3.107605778564495,0.03582368635081825,0.03088421711143671,1.330591892734169,1.4224602011754441,36522489.0,169000.0,994.0,[],{},0.035098040896712,9.44414712727053,9.854257205928729,0.10147898305296503,0.05835010412576081,,0.3191103954915971,0.95,19,20,0.5041666666666667,8.0,22.0,0.6098772727272728,0.6098772727272728,0.36363636363636365,0.0,1.0,0.36363636363636365,22.0,5,5,"cheapness,quality,dividend,garp,risk",0.7163,True,0.66665,0.4792,hold,2,2,stable,0.3503,building
DATA.L,GlobalData Plc,Industrials,512707200.0,18.5,8.957752,1.8092909,2.03,0.895,58.558,0.13415,0.048033667102017126,0.10276,0.135,2.087,38600000.0,711603648.0,90700000.0,81000000.0,322100000.0,190900000.0,51200000.0,0.409,689100000.0,148100000.0,,165400000.0,33100000.0,,0.49798199316982306,,711685389.0,0.045135712107349804,0.5215411558669002,0.8954050785973398,0.8576576576576577,0.275431722536642,0.10140286672766087,0.46742127412567114,0.4353461421164989,778012374.0,12200000.0,74.0,[],{},0.0752866353349436,7.845685203969129,8.785230222222221,0.11382740972120481,0.05405405405405406,,0.1546687034561772,0.95,19,20,0.49833333333333335,7.0,22.0,0.5695863636363637,0.5695863636363637,0.3181818181818182,0.0,1.0,0.3181818181818182,22.0,4,5,"cheapness,quality,dividend,garp",0.6661849999999999,False,0.73335,0.4783,hold,2,2,stable,0.2783,building
MIDW.L,Midwich Group plc,Technology,138092576.0,,5.1491246,0.8626693,3.92,1.549,125.604,-0.12932,-0.0361114576036999,-0.01748,0.004,,6517750.0,285967360.0,5714000.0,-16636000.0,1291767000.0,201055008.0,53983000.0,1.551,625314000.0,444699000.0,,287002000.0,-22581000.0,,0.17651170838084576,,103208202.0,0.024636409324027952,0.17792535077482152,1.5494630699437635,1.5457126158470402,0.3215264651039318,0.3113577996597317,2.06578934743185,2.024109254714038,102466313.0,14105000.0,133.8,[],{},0.0471984098551395,50.046790339516974,-17.189670593892764,-0.05817447138023025,,,-0.049173543947598666,0.9,18,20,0.4628571428571429,0.0,22.0,0.3410136363636364,0.3410136363636364,0.0,0.0,1.0,0.0,22.0,0,5,,0.30179,False,0.45,0.4771,hold,2,2,stable,0.0,building
GBG.L,GB Group plc,Technology,513615904.0,,9.990654,1.102111,1.96,1.095,23.893,-0.13817,-0.10614833936028545,-0.26342,0.025,,49049752.0,606274176.0,46581000.0,-68070000.0,285044000.0,113615000.0,31430000.0,2.037,707378000.0,119261000.0,,108935000.0,-75087000.0,,0.6953031812632435,,232753565.0,0.010719768291047111,0.699742144971827,1.094790471382017,1.0018684715306558,0.16061426846749546,0.09222776433649466,0.4029585313651259,0.3511366854292627,252165589.0,6122000.0,224.5,[],{},0.0954988963893143,13.01548219231017,-8.906628118113707,-0.11227593503834146,,,-0.11374516871280974,0.9,18,20,0.4438095238095238,2.0,22.0,0.3749545454545455,0.3749545454545455,0.09090909090909091,0.0,1.0,0.09090909090909091,22.0,1,5,cheapness,0.3154766666666667,False,0.55,0.4562,hold,2,2,stable,0.0608,building
PEBB.L,The Pebble Group plc,Communication Services,82427144.0,19.833334,10.871551,1.0663083,3.36,1.796,6.304,0.06196,0.04537362794974985,0.04314,0.024,-0.093,6119750.0,83231256.0,8754000.0,7627000.0,124659000.0,5184000.0,9637000.0,0.558,118527000.0,54300000.0,,30232000.0,5378000.0,,0.45671792650350157,,147368501.0,0.04957171780096558,0.4426669221189769,1.7961100820322837,1.9611438406036936,0.043736870080234885,0.05323937081451487,1.0517350477106482,0.9754555365207912,164323167.0,477000.0,59.5,[],{},0.07424435329216307,9.50779712131597,10.912712206634325,0.0916362478057522,0.05042016637243138,,0.0863808822696642,0.95,19,20,0.39166666666666666,6.0,22.0,0.5367863636363636,0.5367863636363636,0.2727272727272727,0.0,1.0,0.2727272727272727,22.0,4,5,"cheapness,dividend,garp,risk",0.5981833333333333,True,0.83335,0.4333,hold,2,2,stable,0.2351,building
RNWH.L,Renew Holdings plc,Industrials,728304384.0,15.862069,11.9849415,2.9224906,2.21,0.907,12.899,0.19376,0.09198959006646604,0.03813,0.051,-0.266,53867752.0,749836608.0,81265000.0,60712000.0,1080899000.0,32139000.0,10556000.0,3.148,530647000.0,230492000.0,,261543000.0,48814000.0,,0.1492960951948332,,79156691.0,0.07589923920009202,0.14040457099814663,0.8812776484172775,0.9339903481098117,0.0522663842441397,0.1398177512675434,2.0369454646874474,1.8421509075008262,79138195.0,9422000.0,920.0,[],{},0.07396324007298574,9.227054796037654,12.350714982211095,0.08096697247408864,0.06304347812381852,,0.22560794339734824,0.95,19,20,0.47166666666666673,8.0,22.0,0.5310136363636364,0.5310136363636364,0.36363636363636365,0.0,0.9184,0.36363636363636365,22.0,4,5,"cheapness,quality,dividend,garp",0.5878366666666667,False,0.73335,0.4192,hold,2,2,stable,0.2539,building
POLR.L,Polar Capital Holdings Plc,Financial Services,827050752.0,14.830509,7.624475,5.6197815,5.26,2.526,2.686,0.41145,0.23652273450945777,0.22262,0.283,0.996,55273500.0,670139264.0,76656000.0,76951000.0,264296000.0,4051000.0,181148000.0,1.557,248103000.0,238501000.0,,94405000.0,58682000.0,,0.46687047855434816,,95252247.0,0.1604074011820449,0.47756752254503376,2.526359832635983,2.605617879815636,0.01632789607542029,0.02792933170397089,1.0652672478768899,1.009012978871288,95495073.0,198000.0,875.0,[],{},0.06683205337318888,8.742163222709246,8.708649192343179,0.11482837095783123,0.06742856903967356,,0.5006636390844383,0.95,19,20,0.45666666666666667,11.0,22.0,0.683259090909091,0.683259090909091,0.5,0.0,1.0,0.5,22.0,5,5,"cheapness,quality,dividend,garp,risk",0.8094483333333333,True,0.83335,0.415,hold,2,2,stable,0.3105,building
MAB1.L,Mortgage Advice Bureau (Holdings) plc,Financial Services,316300192.0,21.115385,8.720238,4.2957745,4.1,0.554,24.049,0.20343,0.09883728160169122,0.047459997,0.197,-0.325,,312363840.0,,26230000.0,266537000.0,18253000.0,26187000.0,1.278,160830000.0,33438000.0,,55218000.0,15896000.0,,0.3072781640072485,,57956789.0,0.08503128610846272,0.29291162386811004,0.6055634032380746,0.5931653447686995,0.11227382950941989,0.13250661396541163,1.6572592178076229,1.5124228896872651,57127034.0,1893000.0,549.0,[],{},,,11.908648112847883,0.08397258786420349,0.04735883338144201,,0.24836192856872324,0.85,17,20,0.4404761904761905,5.0,22.0,0.5192772727272728,0.5192772727272728,0.22727272727272727,0.0,1.0,0.22727272727272727,22.0,4,5,"cheapness,quality,dividend,garp",0.5794416666666666,False,0.56665,0.3846,hold,2,2,stable,0.2104,building
TUNE.L,Focusrite plc,Consumer Cyclical,139271232.0,26.33333,10.9216585,1.254632,2.84,3.534,25.72,,,-0.00937,0.078,24.472,,150119216.0,15290008.0,,163670080.0,30329000.0,19484000.0,1.889,202977000.0,107960000.0,,34704000.0,,,,,58623622.0,0.011788816516677498,0.44251974464434407,3.110880590133702,1.5646597500204231,0.21128009577439807,0.1799158416076435,0.8063479113397084,0.7520363579435749,58587466.0,,237.0,[],{},,9.818125405820586,,,0.037974688351226374,,,0.7,14,20,0.34285714285714286,4.0,22.0,0.4620136363636363,0.4620136363636363,0.18181818181818182,0.0,1.0,0.18181818181818182,22.0,3,5,"dividend,garp,risk",0.5900733333333333,True,0.75,0.3531,hold,2,2,stable,0.1096,building
ATYM.L,"Atalaya Mining Copper, S.A.",Basic Materials,1225459584.0,16.604166,6.5006037,1.8860861,1.18,3.203,2.307,0.1266,0.1081006313459872,0.17816,-0.103,-0.12,97093752.0,965037568.0,153270000.0,132236000.0,482915000.0,17670000.0,279843008.0,4.225682,791642000.0,241206000.0,,147384000.0,85577000.0,,0.3197374279117443,,140759043.0,0.04696012428793371,0.15115193835928725,1.6365819899039245,1.4481045123026368,0.06166802670904272,0.03194199896426722,0.6100169015792493,0.48353480801953097,140759043.0,1400000.0,797.0,[],{},0.07923048076630816,6.296323925099498,7.297843007955474,0.1370267898213057,0.06022584934407425,,0.20525317497027587,0.95,19,20,0.25833333333333336,9.0,22.0,0.5841045454545455,0.5841045454545455,0.4090909090909091,0.0,1.0,0.4090909090909091,22.0,5,5,"cheapness,quality,dividend,garp,risk",0.6127533333333334,True,0.83335,0.2208,hold,2,2,stable,0.1707,building
CHRT.L,Cohort plc,Industrials,595793920.0,25.490196,17.353,3.2035487,1.38,1.429,29.916,0.13941,0.04853774036885556,0.07802,0.17,0.444,4935875.0,605768128.0,45148000.0,27836000.0,270043000.0,56312000.0,49581000.0,4.058,396578000.0,222251000.0,,176217000.0,19249000.0,,0.3348540787948586,,45467063.0,0.06065838666751156,0.3765954190181353,1.2612347276369476,1.5475884449549229,0.19888899535526428,0.16043422470058932,0.680932880795203,0.802123597997592,40693178.0,1437000.0,1300.0,[],{},0.008284534021428081,13.417385664924248,21.7620393734732,0.04595157571578279,0.03923076935147929,,0.12631999310222772,0.95,19,20,0.20833333333333334,5.0,22.0,0.36854545454545456,0.36854545454545456,0.22727272727272727,0.0,1.0,0.22727272727272727,22.0,4,5,"cheapness,dividend,garp,risk",0.4648533333333333,True,0.66665,0.1542,hold,2,2,stable,0.1033,building
ABDP.L,AB Dynamics plc,Consumer Cyclical,234852848.0,,11.841696,1.8668122,0.92,2.005,2.848,-0.0404,0.06352567496029646,-0.050240003,-0.159,,11987500.0,196680000.0,5900000.0,23300000.0,114700000.0,3600000.0,42900000.0,5.496,188900000.0,79400000.0,,36000000.0,12000000.0,,0.6198779424585876,,22890141.0,0.055113636363636365,0.5956873315363881,2.2055555555555557,2.066666666666667,0.017469560614081524,0.01818181818181818,0.6071995764955003,0.6323863636363637,22876942.0,400000.0,1026.0,[],{},0.0510426000880347,33.335593220338986,8.441201716738197,0.11846654464104128,,,0.15238718116415959,0.9,18,20,0.12777777777777777,4.0,22.0,0.3983727272727272,0.3983727272727272,0.18181818181818182,0.0,1.0,0.18181818181818182,22.0,2,5,"cheapness,risk",0.37077666666666664,True,0.83335,0.0917,hold,2,2,stable,0.0296,building
CREO.L,Creo Medical Group PLC,Healthcare,67405672.0,,-11.1,2.2745903,,4.65,8.2,-0.76505995,0.08967851099830795,0.0,,,-6883391.0,8339325.0,-9975712.0,-19500000.0,6000000.0,4100000.0,12400000.0,0.061,59100000.0,23500000.0,,7300000.0,5300000.0,,0.4,,412473319.0,-0.44153846153846155,0.475,3.219178082191781,2.7512195121951217,0.06937394247038917,0.06769230769230769,0.10152284263959391,0.06153846153846154,412148979.0,300000.0,13.875,[],{},-0.1021188691657877,-0.8359628866591177,-0.4276576923076923,-2.338318748819599,,,-0.3764478764478765,0.85,17,20,0.3611111111111111,1.0,22.0,0.26225000000000004,0.26225000000000004,0.045454545454545456,0.0,1.0,0.045454545454545456,22.0,1,5,risk,0.24078666666666665,True,0.56665,0.4697,avoid,1,2,stable,0.053,building
YNGA.L,"Young & Co.'s Brewery, P.L.C.",Consumer Cyclical,566445760.0,20.88889,12.024151,0.7268229,2.6,0.266,39.715,0.03585,0.02125559857283838,0.0551,0.037,,48987500.0,884161152.0,106100000.0,71300000.0,508200000.0,315100000.0,8400000.0,12.933,1317300000.0,29400000.0,,111000000.0,28000000.0,,0.4771743408107044,,60775998.0,0.007456440690862056,0.47241663235899545,0.2648648648648649,0.307027027027027,0.23920139679647764,0.2615841132161607,0.3857891140970166,0.3696264171041619,61759775.0,18200000.0,940.0,[],{},0.0864822432424951,8.33328135721018,12.40057716690042,0.0806414077781151,0.04787233787913096,,0.05910635828566692,0.95,19,20,0.45880952380952383,3.0,22.0,0.48783181818181826,0.48783181818181826,0.13636363636363635,0.0,1.0,0.13636363636363635,22.0,2,5,"cheapness,dividend",0.45682,False,0.73335,0.4371,avoid,1,2,stable,0.1277,building
ITM.L,ITM Power Plc,Industrials,711598016.0,,-31.889885,3.0234604,,2.621,6.993,-0.13670999,-0.13309880572223975,-1.08002,0.16,,24266624.0,453388480.0,-18441000.0,-41461000.0,26040000.0,14727000.0,197848000.0,0.341,341964000.0,,,92497000.0,-45515000.0,,-0.9096006144393242,,616167179.0,-0.07130789641181724,-1.0093888182203647,,,0.036059351276742584,0.03327562136408045,0.07614836649471875,0.043242068096631316,616286123.0,985000.0,103.1,[],{},0.034101590300105615,-24.585894474269292,-10.935300161597645,-0.09144696398108748,,,-0.1661983348499,0.8,16,20,0.3194444444444444,0.0,22.0,0.25784090909090907,0.25784090909090907,0.0,0.0,1.0,0.0,22.0,0,5,,0.22731833333333334,False,0.55,0.4318,avoid,1,2,stable,0.0,building
AMS.L,Advanced Medical Solutions Group plc,Healthcare,607005760.0,55.8,16.449501,2.323064,1.03,2.79,31.342,0.04025,0.025214681966714794,0.04348,0.079,0.267,11255750.0,666356672.0,37044000.0,28467000.0,228936000.0,81523000.0,18015000.0,1.201,394770000.0,139365000.0,,49946000.0,9954000.0,,0.5335028130132439,,216404175.0,0.018260162266792966,0.5217298235138378,2.7903135386217115,2.8485258622634273,0.20650758669605088,0.2228182529549854,0.5799224865111331,0.4569442156418599,214664092.0,4803000.0,279.0,[],{},0.018543069508928547,17.98824835330958,23.408039905855905,0.042720364627789005,0.01792114695340502,,0.08255515857364916,0.95,19,20,0.4083333333333333,3.0,22.0,0.3689090909090909,0.3689090909090909,0.13636363636363635,0.0,1.0,0.13636363636363635,22.0,3,5,"dividend,garp,risk",0.4305066666666667,True,0.83335,0.425,avoid,1,2,stable,0.1781,building
JDG.L,Judges Scientific plc,Technology,303061632.0,56.17284,19.995253,3.6157026,2.53,2.389,77.897,0.07022,0.029239766081871343,0.037720002,0.038,-0.888,19650000.0,348422880.0,29200000.0,12800000.0,145800000.0,65200000.0,19400000.0,12.584,188100000.0,70700000.0,,29600000.0,5500000.0,,0.6927297668038409,,6651052.0,0.05029013539651837,0.688622754491018,2.3885135135135136,2.2130681818181817,0.34662413609782033,0.3641199226305609,0.7751196172248804,0.6460348162475822,6642484.0,4200000.0,4550.0,[],{},0.06483829665379746,11.932290410958904,27.2205375,0.03673696744599551,0.017802197645694965,,0.08075709779179811,0.95,19,20,0.4242857142857143,3.0,22.0,0.3381590909090909,0.3381590909090909,0.13636363636363635,0.0,1.0,0.13636363636363635,22.0,3,5,"cheapness,garp,risk",0.42677333333333334,True,0.83335,0.3957,avoid,1,2,stable,0.1753,building
RST.L,Restore plc,Industrials,360617952.0,271.5,9.274442,1.6915888,2.54,0.934,118.389,0.00617,-0.010728882833787467,-0.020680001,,,42625000.0,628448832.0,49500000.0,23800000.0,304700000.0,260100000.0,3400000.0,1.605,587200000.0,67700000.0,,72500000.0,-6300000.0,,0.4335411880538234,,134794283.0,0.022394798627415568,0.46541666666666665,0.9337931034482758,0.9865470852017937,0.442949591280654,0.4280296189272169,0.5189032697547684,0.4334477153693336,135640478.0,15500000.0,271.5,[],{},0.1181998837373465,12.695936,26.405413109243696,0.037871022727909216,0.003683241252302026,,0.04624052846318244,0.95,19,20,0.3866666666666667,1.0,22.0,0.23051363636363637,0.23051363636363637,0.045454545454545456,0.0,1.0,0.045454545454545456,22.0,1,5,cheapness,0.21571166666666666,False,0.35,0.3933,avoid,1,2,stable,0.0556,building
CVSG.L,CVS Group plc,Healthcare,885144320.0,55.826088,13.467307,3.116505,0.66,1.071,90.864,0.06093,0.04158,0.0713,0.058,-0.302,51937500.0,1184682752.0,90400000.0,47800000.0,638700000.0,272500000.0,12300000.0,4.12,,,,,6400000.0,,0.42069829340848597,,68936471.0,0.06072463768115942,0.4382747495330277,,1.0889077053344622,,0.4171014492753623,,0.8534782608695652,71731969.0,11700000.0,1284.0,[],{},0.0586768720382231,13.104897699115044,24.784157991631798,0.040348354797352534,0.01791277225085161,,,0.85,17,20,0.3708333333333333,1.0,22.0,0.21009090909090908,0.21009090909090908,0.045454545454545456,0.0,0.6667,0.045454545454545456,22.0,1,5,cheapness,0.23304833333333336,False,0.53335,0.375,avoid,1,2,stable,0.0475,building
ASC.L,ASOS Plc,Consumer Cyclical,413386368.0,,-13.073256,4.845722,,0.955,855.634,-1.1374401,-0.1784582261826446,-0.10064,-0.141,,29875000.0,932267840.0,-72900000.0,-35000000.0,2477800000.0,729000000.0,209500000.0,0.713,1672100000.0,775300000.0,,757400000.0,-298400000.0,,0.47086124788118494,,119418137.0,-0.14912821415991545,0.4000619450753665,1.0236334829680487,1.6056022408963586,0.43544046408707615,0.43047728073265235,1.481849171700257,1.2794117647058822,119161620.0,74100000.0,345.5,[],{},0.0722689530004047,-12.788310562414265,-26.636224,-0.03754285892775192,,,-0.03826391166502678,0.85,17,20,0.25595238095238093,1.0,22.0,0.19265909090909092,0.19265909090909092,0.045454545454545456,0.0,1.0,0.045454545454545456,22.0,1,5,cheapness,0.16341833333333333,False,0.45,0.3701,avoid,1,2,stable,0.0399,building
IQE.L,IQE plc,Technology,491151168.0,,-82.00001,4.01087,,0.763,102.225,-0.32792,-0.17200566242921964,-0.37713,0.001,,4748000.0,437014752.0,-8211000.0,-26406000.0,97300000.0,91690000.0,15653000.0,0.092,213336000.0,62411000.0,,81845000.0,-36695000.0,,0.013895169578622815,,978259501.0,-0.15453739571822367,0.03766711286578443,0.7625511637852037,1.5076457045922695,0.4297915026062174,0.29949766643594133,0.45608804889938875,0.4777795318299757,967247002.0,7269000.0,36.9,[],{},0.009667084818985913,-53.22308512970405,-16.549827766416723,-0.06042358954509618,,,-0.20081982797301717,0.85,17,20,0.2333333333333333,0.0,22.0,0.13493636363636363,0.13493636363636363,0.0,0.0,1.0,0.0,22.0,0,5,,0.12447666666666665,False,0.45,0.3455,avoid,1,2,stable,0.0,building
TRCS.L,Tracsis plc,Technology,96780464.0,108.333336,10.523589,1.4976958,0.83,1.9,6.137,0.0148,0.005307693092854008,0.01161,0.072,,10237500.0,74840000.0,6768000.0,1010000.0,81890000.0,3961000.0,25802000.0,2.17,97971000.0,43273000.0,,24849000.0,520000.0,,0.5786054463304433,,29732116.0,0.004746619978601303,0.5679074819184913,1.7414382872550203,1.6372329299267891,0.026977370854640657,0.01809162532827546,0.8358595911034898,0.7880750899717927,30325682.0,143000.0,325.0,[],{},0.10578064597830406,11.05791962174941,74.0990099009901,0.013495456974879744,0.0092307690035503,,0.01381253247996499,0.95,19,20,0.37,2.0,22.0,0.34249545454545455,0.34249545454545455,0.09090909090909091,0.0,1.0,0.09090909090909091,22.0,2,5,"cheapness,risk",0.3483466666666667,True,0.83335,0.345,avoid,1,2,stable,0.1019,building
CWR.L,Ceres Power Holdings plc,Industrials,785919808.0,,-430.9496,4.6649747,,13.985,3.783,-0.06837,-0.32611319926472604,-0.38461,0.236,,-13682500.0,494931520.0,-7859000.0,-44201000.0,32643000.0,4849000.0,107981000.0,0.788,145796000.0,108595000.0,,33223000.0,-47546000.0,,0.6955243084275342,,194694543.0,-0.15629227566633352,0.7740070532462276,3.268669295367667,5.97524418238286,0.016523087053142746,0.012274782858373412,0.22389503141375622,0.2865275561420849,193699380.0,337000.0,367.6,[],{},-0.01740953703001719,-62.97639903295585,-11.19729236895093,-0.08930730457417624,,,-0.39264299610030823,0.85,17,20,0.20833333333333334,1.0,22.0,0.22488181818181815,0.22488181818181815,0.045454545454545456,0.0,1.0,0.045454545454545456,22.0,1,5,risk,0.21782666666666667,True,0.65,0.303,avoid,1,2,stable,0.0326,building
BUR.L,Burford Capital Limited,Financial Services,657207936.0,,9.221804,1.0747446,3.1,8.024,159.501,-0.68369,0.0094218309659801,0.0,,,-1108182400.0,3002520064.0,,,193770000.0,2414277888.0,754680000.0,2.7913609,6641172000.0,,,,62572000.0,,,,218897440.0,0.023722009222634725,,,,0.32237984500326144,0.28800417812073636,0.02917707898545618,0.05523929052918814,219421904.0,146082000.0,300.0,[],{},-1.686197532465585,,,,,,,0.75,15,20,0.25641025641025644,0.0,22.0,0.25811818181818186,0.25811818181818186,0.0,0.0,1.0,0.0,22.0,0,5,,0.23550833333333335,False,0.36665000000000003,0.2778,avoid,1,2,stable,0.0,building
FEVR.L,Fevertree Drinks PLC,Consumer Defensive,916360704.0,42.763157,21.108831,4.3824162,2.13,3.573,1.614,0.09621,0.050300002,0.06954,-0.076,-0.173,40062500.0,890233152.0,29200000.0,,325000000.0,3600000.0,91100000.0,1.854,321900000.0,230700000.0,,61500000.0,,,,,116737934.0,0.07778131973222824,0.37557666214382635,3.7512195121951217,3.713815789473684,0.03758931345138242,0.04845393688237169,1.0096303199751475,1.1746891934969717,116686649.0,,812.5,[],{},0.04371913791711435,30.487436712328766,,,0.0233846158738935,,,0.85,17,20,0.2833333333333334,2.0,22.0,0.34036363636363637,0.34036363636363637,0.09090909090909091,0.0,1.0,0.09090909090909091,22.0,2,5,"garp,risk",0.42846,True,0.75,0.2708,avoid,1,2,stable,0.0707,building
GHH.L,Gooch & Housego PLC,Technology,331185792.0,86.42857,22.346163,2.7816093,1.09,2.944,45.575,0.03433,0.017094017094017096,0.02441,0.155,0.125,1452125.0,380262784.0,21790000.0,11918000.0,150485000.0,54261000.0,5184000.0,4.35,206856000.0,90821000.0,,33196000.0,3536000.0,,0.310090706714955,,27115033.0,-0.03834474796611087,0.30626516655636443,2.735901915893481,3.188222087094813,0.24681420891828132,0.19501283770376474,0.7274867540704645,0.8177046065409153,25786397.0,2821000.0,1210.0,[],{},0.004384623480466215,17.451252134006424,31.906593723779157,0.03134148410379281,0.01157024812512807,,0.06862835425544167,0.95,19,20,0.26142857142857145,3.0,22.0,0.29952272727272733,0.29952272727272733,0.13636363636363635,0.0,1.0,0.13636363636363635,22.0,3,5,"dividend,garp,risk",0.344685,True,0.66665,0.2186,avoid,1,2,stable,0.1026,building
GROW.L,Molten Ventures Plc,,1011805120.0,8.536232,8.975375,0.7031157,,,,,0.0812288993923025,,,,,,,,148000000.0,,,8.377,1481000000.0,,,,120300000.0,,,,172396840.0,-0.0005784526391901663,,,,0.08831870357866306,0.08770788141720896,0.099932478055368,0.02292118582791034,182446450.0,12200000.0,589.0,[],{},,,,,0.11714770638848616,,,0.45,9,20,0.8959551656920078,2.0,22.0,0.3807045454545454,0.3807045454545454,0.09090909090909091,0.0,1.0,0.09090909090909091,22.0,1,5,cheapness,0.26662166666666665,False,0.36665000000000003,0.896,insufficient_data,0,2,stable,0.0605,building
GRP.L,Greencoat Renewables,,818167488.0,,,0.76262623,,,,,-0.023402786707242152,,,,,,,,-38744000.0,,,0.99,2239776000.0,,,,-52417000.0,,,,1113335009.0,0.021088534443668476,,,,0.5047129712971297,0.48717857485660193,-0.0172981583872673,0.025671397506379683,1113535009.0,37956000.0,0.755,[],{},,,,,,,,0.4,8,20,0.8245614035087719,0.0,22.0,0.24025909090909092,0.24025909090909092,0.0,0.0,1.0,0.0,22.0,0,5,,0.16679833333333333,False,0.45,0.8246,insufficient_data,0,2,stable,0.0,building
